<?xml version="1.0" encoding="UTF-8"?>

<!-- generated on 2021-07-06 17:26:55 by Eclipse SUMO od2trips Version v1_9_2+0269-1a3e5af8ed
<configuration xmlns:xsi="http://www.w3.org/2001/XMLSchema-instance" xsi:noNamespaceSchemaLocation="http://sumo.dlr.de/xsd/od2tripsConfiguration.xsd">

    <input>
        <taz-files value="../TAZ/gharrafa_taz.xml"/>
        <od-matrix-files value="gharrafaMatOD_2-3_R3"/>
    </input>

    <output>
        <output-file value="gha_trips_2-3_R3.rou.xml"/>
    </output>

</configuration>
-->

<routes xmlns:xsi="http://www.w3.org/2001/XMLSchema-instance" xsi:noNamespaceSchemaLocation="http://sumo.dlr.de/xsd/routes_file.xsd">
    <trip id="258" depart="7202.83" from="6483" to="6515" fromTaz="09" toTaz="11" departLane="free" departSpeed="max"/>
    <trip id="492" depart="7204.77" from="5349" to="7359" fromTaz="11" toTaz="00" departLane="free" departSpeed="max"/>
    <trip id="221" depart="7211.12" from="6483" to="7359" fromTaz="09" toTaz="00" departLane="free" departSpeed="max"/>
    <trip id="150" depart="7213.05" from="11597" to="10389" fromTaz="06" toTaz="03" departLane="free" departSpeed="max"/>
    <trip id="386" depart="7219.61" from="8111" to="10389" fromTaz="10" toTaz="03" departLane="free" departSpeed="max"/>
    <trip id="365" depart="7223.05" from="8111" to="10389" fromTaz="10" toTaz="03" departLane="free" departSpeed="max"/>
    <trip id="57" depart="7227.48" from="10342.0" to="7677" fromTaz="01" toTaz="07" departLane="free" departSpeed="max"/>
    <trip id="179" depart="7236.86" from="12527" to="10410" fromTaz="07" toTaz="01" departLane="free" departSpeed="max"/>
    <trip id="489" depart="7237.74" from="5349" to="7359" fromTaz="11" toTaz="00" departLane="free" departSpeed="max"/>
    <trip id="392" depart="7277.89" from="8111" to="10389" fromTaz="10" toTaz="03" departLane="free" departSpeed="max"/>
    <trip id="484" depart="7280.11" from="5349" to="7359" fromTaz="11" toTaz="00" departLane="free" departSpeed="max"/>
    <trip id="172" depart="7288.60" from="12527" to="7359" fromTaz="07" toTaz="00" departLane="free" departSpeed="max"/>
    <trip id="490" depart="7289.91" from="5349" to="7359" fromTaz="11" toTaz="00" departLane="free" departSpeed="max"/>
    <trip id="202" depart="7301.43" from="12527" to="6515" fromTaz="07" toTaz="11" departLane="free" departSpeed="max"/>
    <trip id="373" depart="7306.94" from="8111" to="10389" fromTaz="10" toTaz="03" departLane="free" departSpeed="max"/>
    <trip id="110" depart="7307.79" from="12405" to="7765" fromTaz="04" toTaz="08" departLane="free" departSpeed="max"/>
    <trip id="341" depart="7307.93" from="8111" to="10389" fromTaz="10" toTaz="03" departLane="free" departSpeed="max"/>
    <trip id="344" depart="7314.89" from="8111" to="10389" fromTaz="10" toTaz="03" departLane="free" departSpeed="max"/>
    <trip id="122" depart="7328.54" from="12405" to="1286" fromTaz="04" toTaz="13" departLane="free" departSpeed="max"/>
    <trip id="164" depart="7339.18" from="11597" to="6515" fromTaz="06" toTaz="11" departLane="free" departSpeed="max"/>
    <trip id="292" depart="7350.40" from="8111" to="10394" fromTaz="10" toTaz="02" departLane="free" departSpeed="max"/>
    <trip id="18" depart="7363.02" from="7617" to="10389" fromTaz="00" toTaz="03" departLane="free" departSpeed="max"/>
    <trip id="59" depart="7369.47" from="10342.0" to="7765" fromTaz="01" toTaz="08" departLane="free" departSpeed="max"/>
    <trip id="203" depart="7370.05" from="12527" to="-7573" fromTaz="07" toTaz="12" departLane="free" departSpeed="max"/>
    <trip id="431" depart="7382.42" from="8111" to="10389" fromTaz="10" toTaz="03" departLane="free" departSpeed="max"/>
    <trip id="67" depart="7386.01" from="10342.0" to="-7573" fromTaz="01" toTaz="12" departLane="free" departSpeed="max"/>
    <trip id="352" depart="7387.53" from="8111" to="10389" fromTaz="10" toTaz="03" departLane="free" departSpeed="max"/>
    <trip id="476" depart="7400.43" from="8111" to="1286" fromTaz="10" toTaz="13" departLane="free" departSpeed="max"/>
    <trip id="232" depart="7402.95" from="6483" to="7359" fromTaz="09" toTaz="00" departLane="free" departSpeed="max"/>
    <trip id="307" depart="7408.04" from="8111" to="10389" fromTaz="10" toTaz="03" departLane="free" departSpeed="max"/>
    <trip id="515" depart="7417.98" from="1153" to="10410" fromTaz="12" toTaz="01" departLane="free" departSpeed="max"/>
    <trip id="375" depart="7420.27" from="8111" to="10389" fromTaz="10" toTaz="03" departLane="free" departSpeed="max"/>
    <trip id="383" depart="7420.65" from="8112" to="10389" fromTaz="10" toTaz="03" departLane="free" departSpeed="max"/>
    <trip id="336" depart="7424.07" from="8111" to="10389" fromTaz="10" toTaz="03" departLane="free" departSpeed="max"/>
    <trip id="175" depart="7425.98" from="12527" to="7359" fromTaz="07" toTaz="00" departLane="free" departSpeed="max"/>
    <trip id="234" depart="7435.68" from="6483" to="10410" fromTaz="09" toTaz="01" departLane="free" departSpeed="max"/>
    <trip id="205" depart="7454.09" from="12527" to="1286" fromTaz="07" toTaz="13" departLane="free" departSpeed="max"/>
    <trip id="396" depart="7460.97" from="8111" to="10389" fromTaz="10" toTaz="03" departLane="free" departSpeed="max"/>
    <trip id="511" depart="7465.77" from="1153" to="10410" fromTaz="12" toTaz="01" departLane="free" departSpeed="max"/>
    <trip id="475" depart="7472.92" from="8111" to="1286" fromTaz="10" toTaz="13" departLane="free" departSpeed="max"/>
    <trip id="377" depart="7476.27" from="8111" to="10389" fromTaz="10" toTaz="03" departLane="free" departSpeed="max"/>
    <trip id="330" depart="7480.53" from="8111" to="10389" fromTaz="10" toTaz="03" departLane="free" departSpeed="max"/>
    <trip id="178" depart="7492.21" from="12527" to="10410" fromTaz="07" toTaz="01" departLane="free" departSpeed="max"/>
    <trip id="243" depart="7505.15" from="6483" to="8031" fromTaz="09" toTaz="10" departLane="free" departSpeed="max"/>
    <trip id="498" depart="7507.23" from="5349" to="10394" fromTaz="11" toTaz="02" departLane="free" departSpeed="max"/>
    <trip id="387" depart="7514.38" from="8111" to="10389" fromTaz="10" toTaz="03" departLane="free" departSpeed="max"/>
    <trip id="101" depart="7515.31" from="12405" to="10394" fromTaz="04" toTaz="02" departLane="free" departSpeed="max"/>
    <trip id="73" depart="7519.61" from="6522" to="7359" fromTaz="03" toTaz="00" departLane="free" departSpeed="max"/>
    <trip id="300" depart="7520.66" from="8111" to="10389" fromTaz="10" toTaz="03" departLane="free" departSpeed="max"/>
    <trip id="317" depart="7527.86" from="8111" to="10389" fromTaz="10" toTaz="03" departLane="free" departSpeed="max"/>
    <trip id="374" depart="7531.23" from="8111" to="10389" fromTaz="10" toTaz="03" departLane="free" departSpeed="max"/>
    <trip id="343" depart="7540.73" from="8111" to="10389" fromTaz="10" toTaz="03" departLane="free" departSpeed="max"/>
    <trip id="47" depart="7553.09" from="10423" to="10394" fromTaz="01" toTaz="02" departLane="free" departSpeed="max"/>
    <trip id="48" depart="7563.29" from="10423" to="10394" fromTaz="01" toTaz="02" departLane="free" departSpeed="max"/>
    <trip id="367" depart="7568.31" from="8111" to="10389" fromTaz="10" toTaz="03" departLane="free" departSpeed="max"/>
    <trip id="103" depart="7570.79" from="12405" to="10389" fromTaz="04" toTaz="03" departLane="free" departSpeed="max"/>
    <trip id="324" depart="7582.07" from="8111" to="10389" fromTaz="10" toTaz="03" departLane="free" departSpeed="max"/>
    <trip id="61" depart="7586.17" from="10342.0" to="7533" fromTaz="01" toTaz="09" departLane="free" departSpeed="max"/>
    <trip id="378" depart="7593.73" from="8111" to="10389" fromTaz="10" toTaz="03" departLane="free" departSpeed="max"/>
    <trip id="421" depart="7596.42" from="8111" to="10389" fromTaz="10" toTaz="03" departLane="free" departSpeed="max"/>
    <trip id="7" depart="7601.49" from="7617" to="10389" fromTaz="00" toTaz="03" departLane="free" departSpeed="max"/>
    <trip id="418" depart="7609.79" from="8111" to="10389" fromTaz="10" toTaz="03" departLane="free" departSpeed="max"/>
    <trip id="41" depart="7610.68" from="7617" to="7677" fromTaz="00" toTaz="07" departLane="free" departSpeed="max"/>
    <trip id="462" depart="7616.57" from="8111" to="10389" fromTaz="10" toTaz="03" departLane="free" departSpeed="max"/>
    <trip id="273" depart="7622.38" from="8111" to="7359" fromTaz="10" toTaz="00" departLane="free" departSpeed="max"/>
    <trip id="247" depart="7622.96" from="6483" to="6515" fromTaz="09" toTaz="11" departLane="free" departSpeed="max"/>
    <trip id="32" depart="7623.68" from="7617" to="11548" fromTaz="00" toTaz="06" departLane="free" departSpeed="max"/>
    <trip id="411" depart="7625.10" from="8111" to="10389" fromTaz="10" toTaz="03" departLane="free" departSpeed="max"/>
    <trip id="25" depart="7636.43" from="7617" to="10389" fromTaz="00" toTaz="03" departLane="free" departSpeed="max"/>
    <trip id="132" depart="7641.97" from="12004" to="7677" fromTaz="05" toTaz="07" departLane="free" departSpeed="max"/>
    <trip id="400" depart="7652.31" from="8111" to="10389" fromTaz="10" toTaz="03" departLane="free" departSpeed="max"/>
    <trip id="419" depart="7656.61" from="8111" to="10389" fromTaz="10" toTaz="03" departLane="free" departSpeed="max"/>
    <trip id="404" depart="7676.56" from="8111" to="10389" fromTaz="10" toTaz="03" departLane="free" departSpeed="max"/>
    <trip id="1" depart="7676.94" from="7617" to="10394" fromTaz="00" toTaz="02" departLane="free" departSpeed="max"/>
    <trip id="512" depart="7684.62" from="1153" to="10410" fromTaz="12" toTaz="01" departLane="free" departSpeed="max"/>
    <trip id="246" depart="7690.44" from="6483" to="8031" fromTaz="09" toTaz="10" departLane="free" departSpeed="max"/>
    <trip id="102" depart="7706.14" from="12405" to="10389" fromTaz="04" toTaz="03" departLane="free" departSpeed="max"/>
    <trip id="487" depart="7754.89" from="5349" to="7359" fromTaz="11" toTaz="00" departLane="free" departSpeed="max"/>
    <trip id="199" depart="7755.69" from="12527" to="6515" fromTaz="07" toTaz="11" departLane="free" departSpeed="max"/>
    <trip id="38" depart="7757.09" from="7617" to="7677" fromTaz="00" toTaz="07" departLane="free" departSpeed="max"/>
    <trip id="509" depart="7758.67" from="1153" to="7359" fromTaz="12" toTaz="00" departLane="free" departSpeed="max"/>
    <trip id="235" depart="7761.79" from="6483" to="6659" fromTaz="09" toTaz="10" departLane="free" departSpeed="max"/>
    <trip id="109" depart="7772.23" from="12405" to="7677" fromTaz="04" toTaz="07" departLane="free" departSpeed="max"/>
    <trip id="310" depart="7773.43" from="8111" to="10389" fromTaz="10" toTaz="03" departLane="free" departSpeed="max"/>
    <trip id="159" depart="7774.15" from="11597" to="7765" fromTaz="06" toTaz="08" departLane="free" departSpeed="max"/>
    <trip id="249" depart="7809.79" from="6483" to="6515" fromTaz="09" toTaz="11" departLane="free" departSpeed="max"/>
    <trip id="72" depart="7820.30" from="6522" to="7359" fromTaz="03" toTaz="00" departLane="free" departSpeed="max"/>
    <trip id="368" depart="7835.18" from="8111" to="10389" fromTaz="10" toTaz="03" departLane="free" departSpeed="max"/>
    <trip id="510" depart="7837.02" from="1153" to="10410" fromTaz="12" toTaz="01" departLane="free" departSpeed="max"/>
    <trip id="241" depart="7840.55" from="6483" to="8031" fromTaz="09" toTaz="10" departLane="free" departSpeed="max"/>
    <trip id="449" depart="7843.20" from="8111" to="10389" fromTaz="10" toTaz="03" departLane="free" departSpeed="max"/>
    <trip id="117" depart="7852.54" from="12405" to="6515" fromTaz="04" toTaz="11" departLane="free" departSpeed="max"/>
    <trip id="441" depart="7862.61" from="8111" to="10389" fromTaz="10" toTaz="03" departLane="free" departSpeed="max"/>
    <trip id="270" depart="7863.46" from="8111" to="7359" fromTaz="10" toTaz="00" departLane="free" departSpeed="max"/>
    <trip id="252" depart="7866.97" from="6483" to="6515" fromTaz="09" toTaz="11" departLane="free" departSpeed="max"/>
    <trip id="14" depart="7874.42" from="7617" to="10389" fromTaz="00" toTaz="03" departLane="free" departSpeed="max"/>
    <trip id="306" depart="7875.61" from="8111" to="10389" fromTaz="10" toTaz="03" departLane="free" departSpeed="max"/>
    <trip id="446" depart="7887.79" from="8111" to="10389" fromTaz="10" toTaz="03" departLane="free" departSpeed="max"/>
    <trip id="217" depart="7889.37" from="7760" to="-7573" fromTaz="08" toTaz="12" departLane="free" departSpeed="max"/>
    <trip id="35" depart="7896.11" from="7617" to="7677" fromTaz="00" toTaz="07" departLane="free" departSpeed="max"/>
    <trip id="105" depart="7897.79" from="12405" to="12093" fromTaz="04" toTaz="05" departLane="free" departSpeed="max"/>
    <trip id="430" depart="7898.32" from="8111" to="10389" fromTaz="10" toTaz="03" departLane="free" departSpeed="max"/>
    <trip id="466" depart="7901.22" from="8111" to="6515" fromTaz="10" toTaz="11" departLane="free" departSpeed="max"/>
    <trip id="189" depart="7909.44" from="12527" to="12093" fromTaz="07" toTaz="05" departLane="free" departSpeed="max"/>
    <trip id="176" depart="7920.77" from="12527" to="7359" fromTaz="07" toTaz="00" departLane="free" departSpeed="max"/>
    <trip id="16" depart="7924.95" from="7617" to="10389" fromTaz="00" toTaz="03" departLane="free" departSpeed="max"/>
    <trip id="403" depart="7926.20" from="8111" to="10389" fromTaz="10" toTaz="03" departLane="free" departSpeed="max"/>
    <trip id="390" depart="7926.65" from="8111" to="10389" fromTaz="10" toTaz="03" departLane="free" departSpeed="max"/>
    <trip id="308" depart="7944.62" from="8111" to="10389" fromTaz="10" toTaz="03" departLane="free" departSpeed="max"/>
    <trip id="482" depart="7950.46" from="5349" to="7359" fromTaz="11" toTaz="00" departLane="free" departSpeed="max"/>
    <trip id="3" depart="7954.69" from="7617" to="10394" fromTaz="00" toTaz="02" departLane="free" departSpeed="max"/>
    <trip id="388" depart="7961.23" from="8111" to="10389" fromTaz="10" toTaz="03" departLane="free" departSpeed="max"/>
    <trip id="299" depart="7963.08" from="8111" to="10389" fromTaz="10" toTaz="03" departLane="free" departSpeed="max"/>
    <trip id="13" depart="7964.28" from="7618" to="10389" fromTaz="00" toTaz="03" departLane="free" departSpeed="max"/>
    <trip id="148" depart="7984.00" from="11597" to="10394" fromTaz="06" toTaz="02" departLane="free" departSpeed="max"/>
    <trip id="26" depart="7985.27" from="7617" to="11548" fromTaz="00" toTaz="06" departLane="free" departSpeed="max"/>
    <trip id="96" depart="7987.08" from="12405" to="10410" fromTaz="04" toTaz="01" departLane="free" departSpeed="max"/>
    <trip id="52" depart="7990.89" from="10423" to="12093" fromTaz="01" toTaz="05" departLane="free" departSpeed="max"/>
    <trip id="381" depart="8003.45" from="8111" to="10389" fromTaz="10" toTaz="03" departLane="free" departSpeed="max"/>
    <trip id="488" depart="8012.98" from="5349" to="7359" fromTaz="11" toTaz="00" departLane="free" departSpeed="max"/>
    <trip id="505" depart="8017.42" from="5349" to="1286" fromTaz="11" toTaz="13" departLane="free" departSpeed="max"/>
    <trip id="8" depart="8019.88" from="7617" to="10389" fromTaz="00" toTaz="03" departLane="free" departSpeed="max"/>
    <trip id="266" depart="8021.93" from="6483" to="1286" fromTaz="09" toTaz="13" departLane="free" departSpeed="max"/>
    <trip id="207" depart="8026.70" from="7760" to="7359" fromTaz="08" toTaz="00" departLane="free" departSpeed="max"/>
    <trip id="517" depart="8032.02" from="1153" to="1286" fromTaz="12" toTaz="13" departLane="free" departSpeed="max"/>
    <trip id="39" depart="8033.34" from="7617" to="7677" fromTaz="00" toTaz="07" departLane="free" departSpeed="max"/>
    <trip id="123" depart="8036.65" from="12405" to="1286" fromTaz="04" toTaz="13" departLane="free" departSpeed="max"/>
    <trip id="286" depart="8037.30" from="8111" to="10410" fromTaz="10" toTaz="01" departLane="free" departSpeed="max"/>
    <trip id="251" depart="8038.12" from="6483" to="6515" fromTaz="09" toTaz="11" departLane="free" departSpeed="max"/>
    <trip id="445" depart="8040.96" from="8111" to="10389" fromTaz="10" toTaz="03" departLane="free" departSpeed="max"/>
    <trip id="23" depart="8042.52" from="7617" to="10389" fromTaz="00" toTaz="03" departLane="free" departSpeed="max"/>
    <trip id="350" depart="8045.46" from="8111" to="10389" fromTaz="10" toTaz="03" departLane="free" departSpeed="max"/>
    <trip id="348" depart="8059.97" from="8111" to="10389" fromTaz="10" toTaz="03" departLane="free" departSpeed="max"/>
    <trip id="282" depart="8061.23" from="8111" to="7359" fromTaz="10" toTaz="00" departLane="free" departSpeed="max"/>
    <trip id="15" depart="8069.60" from="7618" to="10389" fromTaz="00" toTaz="03" departLane="free" departSpeed="max"/>
    <trip id="356" depart="8070.97" from="8111" to="10389" fromTaz="10" toTaz="03" departLane="free" departSpeed="max"/>
    <trip id="311" depart="8087.94" from="8111" to="10389" fromTaz="10" toTaz="03" departLane="free" departSpeed="max"/>
    <trip id="443" depart="8098.98" from="8111" to="10389" fromTaz="10" toTaz="03" departLane="free" departSpeed="max"/>
    <trip id="461" depart="8102.01" from="8111" to="10389" fromTaz="10" toTaz="03" departLane="free" departSpeed="max"/>
    <trip id="11" depart="8112.02" from="7618" to="10389" fromTaz="00" toTaz="03" departLane="free" departSpeed="max"/>
    <trip id="237" depart="8131.76" from="6483" to="8031" fromTaz="09" toTaz="10" departLane="free" departSpeed="max"/>
    <trip id="193" depart="8137.38" from="12527" to="7533" fromTaz="07" toTaz="09" departLane="free" departSpeed="max"/>
    <trip id="363" depart="8141.60" from="8111" to="10389" fromTaz="10" toTaz="03" departLane="free" departSpeed="max"/>
    <trip id="171" depart="8146.82" from="11597" to="1286" fromTaz="06" toTaz="13" departLane="free" departSpeed="max"/>
    <trip id="502" depart="8152.12" from="5349" to="12396" fromTaz="11" toTaz="04" departLane="free" departSpeed="max"/>
    <trip id="346" depart="8153.74" from="8111" to="10389" fromTaz="10" toTaz="03" departLane="free" departSpeed="max"/>
    <trip id="302" depart="8154.16" from="8111" to="10389" fromTaz="10" toTaz="03" departLane="free" departSpeed="max"/>
    <trip id="408" depart="8171.03" from="8111" to="10389" fromTaz="10" toTaz="03" departLane="free" departSpeed="max"/>
    <trip id="337" depart="8202.62" from="8111" to="10389" fromTaz="10" toTaz="03" departLane="free" departSpeed="max"/>
    <trip id="253" depart="8206.70" from="6483" to="6515" fromTaz="09" toTaz="11" departLane="free" departSpeed="max"/>
    <trip id="141" depart="8210.05" from="12004" to="-7573" fromTaz="05" toTaz="12" departLane="free" departSpeed="max"/>
    <trip id="265" depart="8221.95" from="6483" to="-7573" fromTaz="09" toTaz="12" departLane="free" departSpeed="max"/>
    <trip id="126" depart="8225.76" from="12004" to="7359" fromTaz="05" toTaz="00" departLane="free" departSpeed="max"/>
    <trip id="353" depart="8232.88" from="8111" to="10389" fromTaz="10" toTaz="03" departLane="free" departSpeed="max"/>
    <trip id="66" depart="8249.14" from="10423" to="6515" fromTaz="01" toTaz="11" departLane="free" departSpeed="max"/>
    <trip id="60" depart="8254.94" from="10342.0" to="7765" fromTaz="01" toTaz="08" departLane="free" departSpeed="max"/>
    <trip id="331" depart="8255.06" from="8111" to="10389" fromTaz="10" toTaz="03" departLane="free" departSpeed="max"/>
    <trip id="496" depart="8261.55" from="5349" to="10394" fromTaz="11" toTaz="02" departLane="free" departSpeed="max"/>
    <trip id="499" depart="8279.46" from="5349" to="10389" fromTaz="11" toTaz="03" departLane="free" departSpeed="max"/>
    <trip id="248" depart="8280.92" from="6483" to="6515" fromTaz="09" toTaz="11" departLane="free" departSpeed="max"/>
    <trip id="268" depart="8285.85" from="6483" to="1286" fromTaz="09" toTaz="13" departLane="free" departSpeed="max"/>
    <trip id="10" depart="8286.27" from="7617" to="10389" fromTaz="00" toTaz="03" departLane="free" departSpeed="max"/>
    <trip id="185" depart="8288.28" from="12527" to="10394" fromTaz="07" toTaz="02" departLane="free" departSpeed="max"/>
    <trip id="440" depart="8294.10" from="8111" to="10389" fromTaz="10" toTaz="03" departLane="free" departSpeed="max"/>
    <trip id="467" depart="8294.83" from="8112" to="6515" fromTaz="10" toTaz="11" departLane="free" departSpeed="max"/>
    <trip id="293" depart="8308.54" from="8111" to="10389" fromTaz="10" toTaz="03" departLane="free" departSpeed="max"/>
    <trip id="417" depart="8314.21" from="8111" to="10389" fromTaz="10" toTaz="03" departLane="free" departSpeed="max"/>
    <trip id="347" depart="8322.69" from="8111" to="10389" fromTaz="10" toTaz="03" departLane="free" departSpeed="max"/>
    <trip id="379" depart="8329.48" from="8111" to="10389" fromTaz="10" toTaz="03" departLane="free" departSpeed="max"/>
    <trip id="447" depart="8332.57" from="8111" to="10389" fromTaz="10" toTaz="03" departLane="free" departSpeed="max"/>
    <trip id="272" depart="8344.44" from="8111" to="7359" fromTaz="10" toTaz="00" departLane="free" departSpeed="max"/>
    <trip id="261" depart="8351.30" from="6483" to="6515" fromTaz="09" toTaz="11" departLane="free" departSpeed="max"/>
    <trip id="104" depart="8362.90" from="12405" to="12093" fromTaz="04" toTaz="05" departLane="free" departSpeed="max"/>
    <trip id="99" depart="8364.54" from="12405" to="10394" fromTaz="04" toTaz="02" departLane="free" departSpeed="max"/>
    <trip id="455" depart="8367.65" from="8111" to="10389" fromTaz="10" toTaz="03" departLane="free" departSpeed="max"/>
    <trip id="129" depart="8375.34" from="12004" to="10394" fromTaz="05" toTaz="02" departLane="free" departSpeed="max"/>
    <trip id="457" depart="8376.83" from="8111" to="10389" fromTaz="10" toTaz="03" departLane="free" departSpeed="max"/>
    <trip id="303" depart="8379.20" from="8111" to="10389" fromTaz="10" toTaz="03" departLane="free" departSpeed="max"/>
    <trip id="58" depart="8384.71" from="10342.0" to="7677" fromTaz="01" toTaz="07" departLane="free" departSpeed="max"/>
    <trip id="432" depart="8388.37" from="8111" to="10389" fromTaz="10" toTaz="03" departLane="free" departSpeed="max"/>
    <trip id="483" depart="8392.85" from="5349" to="7359" fromTaz="11" toTaz="00" departLane="free" departSpeed="max"/>
    <trip id="188" depart="8415.75" from="12527" to="12396" fromTaz="07" toTaz="04" departLane="free" departSpeed="max"/>
    <trip id="89" depart="8423.00" from="6522" to="6515" fromTaz="03" toTaz="11" departLane="free" departSpeed="max"/>
    <trip id="479" depart="8425.03" from="8111" to="1286" fromTaz="10" toTaz="13" departLane="free" departSpeed="max"/>
    <trip id="71" depart="8429.13" from="10342.0" to="1286" fromTaz="01" toTaz="13" departLane="free" departSpeed="max"/>
    <trip id="291" depart="8429.91" from="8111" to="10394" fromTaz="10" toTaz="02" departLane="free" departSpeed="max"/>
    <trip id="98" depart="8429.93" from="12405" to="10410" fromTaz="04" toTaz="01" departLane="free" departSpeed="max"/>
    <trip id="146" depart="8438.62" from="11597" to="10410" fromTaz="06" toTaz="01" departLane="free" departSpeed="max"/>
    <trip id="163" depart="8442.28" from="11597" to="8031" fromTaz="06" toTaz="10" departLane="free" departSpeed="max"/>
    <trip id="64" depart="8456.12" from="10423" to="6659" fromTaz="01" toTaz="10" departLane="free" departSpeed="max"/>
    <trip id="471" depart="8474.04" from="8111" to="6515" fromTaz="10" toTaz="11" departLane="free" departSpeed="max"/>
    <trip id="128" depart="8479.08" from="12004" to="10394" fromTaz="05" toTaz="02" departLane="free" departSpeed="max"/>
    <trip id="154" depart="8483.06" from="11597" to="10389" fromTaz="06" toTaz="03" departLane="free" departSpeed="max"/>
    <trip id="5" depart="8483.82" from="7617" to="10389" fromTaz="00" toTaz="03" departLane="free" departSpeed="max"/>
    <trip id="174" depart="8491.05" from="12527" to="7359" fromTaz="07" toTaz="00" departLane="free" departSpeed="max"/>
    <trip id="173" depart="8493.18" from="12527" to="7359" fromTaz="07" toTaz="00" departLane="free" departSpeed="max"/>
    <trip id="34" depart="8502.21" from="7617" to="11548" fromTaz="00" toTaz="06" departLane="free" departSpeed="max"/>
    <trip id="444" depart="8505.07" from="8111" to="10389" fromTaz="10" toTaz="03" departLane="free" departSpeed="max"/>
    <trip id="81" depart="8512.47" from="6522" to="7677" fromTaz="03" toTaz="07" departLane="free" departSpeed="max"/>
    <trip id="222" depart="8512.62" from="6483" to="7359" fromTaz="09" toTaz="00" departLane="free" departSpeed="max"/>
    <trip id="69" depart="8520.54" from="10423" to="-7573" fromTaz="01" toTaz="12" departLane="free" departSpeed="max"/>
    <trip id="434" depart="8532.86" from="8111" to="10389" fromTaz="10" toTaz="03" departLane="free" departSpeed="max"/>
    <trip id="304" depart="8535.69" from="8111" to="10389" fromTaz="10" toTaz="03" departLane="free" departSpeed="max"/>
    <trip id="470" depart="8538.14" from="8111" to="6515" fromTaz="10" toTaz="11" departLane="free" departSpeed="max"/>
    <trip id="481" depart="8552.55" from="5349" to="7359" fromTaz="11" toTaz="00" departLane="free" departSpeed="max"/>
    <trip id="494" depart="8571.01" from="5349" to="7359" fromTaz="11" toTaz="00" departLane="free" departSpeed="max"/>
    <trip id="134" depart="8572.82" from="12004" to="7765" fromTaz="05" toTaz="08" departLane="free" departSpeed="max"/>
    <trip id="276" depart="8594.65" from="8111" to="7359" fromTaz="10" toTaz="00" departLane="free" departSpeed="max"/>
    <trip id="231" depart="8596.20" from="6483" to="7359" fromTaz="09" toTaz="00" departLane="free" departSpeed="max"/>
    <trip id="94" depart="8603.44" from="12405" to="7359" fromTaz="04" toTaz="00" departLane="free" departSpeed="max"/>
    <trip id="139" depart="8605.95" from="12004" to="6515" fromTaz="05" toTaz="11" departLane="free" departSpeed="max"/>
    <trip id="398" depart="8606.14" from="8112" to="10389" fromTaz="10" toTaz="03" departLane="free" departSpeed="max"/>
    <trip id="92" depart="8612.16" from="6522" to="1286" fromTaz="03" toTaz="13" departLane="free" departSpeed="max"/>
    <trip id="225" depart="8627.32" from="6483" to="7359" fromTaz="09" toTaz="00" departLane="free" departSpeed="max"/>
    <trip id="116" depart="8638.84" from="12405" to="6659" fromTaz="04" toTaz="10" departLane="free" departSpeed="max"/>
    <trip id="472" depart="8651.46" from="8111" to="-7573" fromTaz="10" toTaz="12" departLane="free" departSpeed="max"/>
    <trip id="301" depart="8654.20" from="8111" to="10389" fromTaz="10" toTaz="03" departLane="free" departSpeed="max"/>
    <trip id="283" depart="8656.28" from="8111" to="10410" fromTaz="10" toTaz="01" departLane="free" departSpeed="max"/>
    <trip id="407" depart="8665.76" from="8111" to="10389" fromTaz="10" toTaz="03" departLane="free" departSpeed="max"/>
    <trip id="485" depart="8669.92" from="5349" to="7359" fromTaz="11" toTaz="00" departLane="free" departSpeed="max"/>
    <trip id="333" depart="8673.07" from="8111" to="10389" fromTaz="10" toTaz="03" departLane="free" departSpeed="max"/>
    <trip id="309" depart="8676.93" from="8111" to="10389" fromTaz="10" toTaz="03" departLane="free" departSpeed="max"/>
    <trip id="451" depart="8679.68" from="8111" to="10389" fromTaz="10" toTaz="03" departLane="free" departSpeed="max"/>
    <trip id="351" depart="8680.20" from="8111" to="10389" fromTaz="10" toTaz="03" departLane="free" departSpeed="max"/>
    <trip id="493" depart="8699.89" from="5349" to="7359" fromTaz="11" toTaz="00" departLane="free" departSpeed="max"/>
    <trip id="121" depart="8712.18" from="12405" to="1286" fromTaz="04" toTaz="13" departLane="free" departSpeed="max"/>
    <trip id="458" depart="8751.93" from="8111" to="10389" fromTaz="10" toTaz="03" departLane="free" departSpeed="max"/>
    <trip id="318" depart="8783.90" from="8111" to="10389" fromTaz="10" toTaz="03" departLane="free" departSpeed="max"/>
    <trip id="240" depart="8784.13" from="6483" to="6659" fromTaz="09" toTaz="10" departLane="free" departSpeed="max"/>
    <trip id="358" depart="8784.35" from="8111" to="10389" fromTaz="10" toTaz="03" departLane="free" departSpeed="max"/>
    <trip id="147" depart="8793.62" from="11597" to="10410" fromTaz="06" toTaz="01" departLane="free" departSpeed="max"/>
    <trip id="214" depart="8798.65" from="7760" to="10389" fromTaz="08" toTaz="03" departLane="free" departSpeed="max"/>
    <trip id="395" depart="8809.27" from="8111" to="10389" fromTaz="10" toTaz="03" departLane="free" departSpeed="max"/>
    <trip id="144" depart="8809.33" from="11597" to="7359" fromTaz="06" toTaz="00" departLane="free" departSpeed="max"/>
    <trip id="391" depart="8814.82" from="8111" to="10389" fromTaz="10" toTaz="03" departLane="free" departSpeed="max"/>
    <trip id="359" depart="8820.17" from="8111" to="10389" fromTaz="10" toTaz="03" departLane="free" departSpeed="max"/>
    <trip id="131" depart="8820.66" from="12004" to="11548" fromTaz="05" toTaz="06" departLane="free" departSpeed="max"/>
    <trip id="371" depart="8830.65" from="8111" to="10389" fromTaz="10" toTaz="03" departLane="free" departSpeed="max"/>
    <trip id="429" depart="8841.62" from="8111" to="10389" fromTaz="10" toTaz="03" departLane="free" departSpeed="max"/>
    <trip id="21" depart="8851.42" from="7617" to="10389" fromTaz="00" toTaz="03" departLane="free" departSpeed="max"/>
    <trip id="86" depart="8851.61" from="6522" to="6515" fromTaz="03" toTaz="11" departLane="free" departSpeed="max"/>
    <trip id="53" depart="8869.56" from="10423" to="11548" fromTaz="01" toTaz="06" departLane="free" departSpeed="max"/>
    <trip id="497" depart="8882.50" from="5349" to="10394" fromTaz="11" toTaz="02" departLane="free" departSpeed="max"/>
    <trip id="142" depart="8882.52" from="12004" to="1286" fromTaz="05" toTaz="13" departLane="free" departSpeed="max"/>
    <trip id="55" depart="8884.20" from="10342.0" to="11548" fromTaz="01" toTaz="06" departLane="free" departSpeed="max"/>
    <trip id="376" depart="8889.25" from="8111" to="10389" fromTaz="10" toTaz="03" departLane="free" departSpeed="max"/>
    <trip id="468" depart="8906.66" from="8111" to="6515" fromTaz="10" toTaz="11" departLane="free" departSpeed="max"/>
    <trip id="138" depart="8908.06" from="12004" to="6515" fromTaz="05" toTaz="11" departLane="free" departSpeed="max"/>
    <trip id="426" depart="8912.64" from="8111" to="10389" fromTaz="10" toTaz="03" departLane="free" departSpeed="max"/>
    <trip id="427" depart="8927.07" from="8111" to="10389" fromTaz="10" toTaz="03" departLane="free" departSpeed="max"/>
    <trip id="271" depart="8934.61" from="8111" to="7359" fromTaz="10" toTaz="00" departLane="free" departSpeed="max"/>
    <trip id="162" depart="8939.14" from="11597" to="8031" fromTaz="06" toTaz="10" departLane="free" departSpeed="max"/>
    <trip id="27" depart="8952.65" from="7617" to="11548" fromTaz="00" toTaz="06" departLane="free" departSpeed="max"/>
    <trip id="169" depart="8958.52" from="11597" to="-7573" fromTaz="06" toTaz="12" departLane="free" departSpeed="max"/>
    <trip id="278" depart="8962.21" from="8111" to="7359" fromTaz="10" toTaz="00" departLane="free" departSpeed="max"/>
    <trip id="312" depart="8982.15" from="8111" to="10389" fromTaz="10" toTaz="03" departLane="free" departSpeed="max"/>
    <trip id="284" depart="8984.45" from="8111" to="10410" fromTaz="10" toTaz="01" departLane="free" departSpeed="max"/>
    <trip id="422" depart="9006.06" from="8111" to="10389" fromTaz="10" toTaz="03" departLane="free" departSpeed="max"/>
    <trip id="182" depart="9010.52" from="12527" to="10394" fromTaz="07" toTaz="02" departLane="free" departSpeed="max"/>
    <trip id="213" depart="9012.21" from="7760" to="10389" fromTaz="08" toTaz="03" departLane="free" departSpeed="max"/>
    <trip id="335" depart="9016.96" from="8111" to="10389" fromTaz="10" toTaz="03" departLane="free" departSpeed="max"/>
    <trip id="195" depart="9020.63" from="12527" to="8031" fromTaz="07" toTaz="10" departLane="free" departSpeed="max"/>
    <trip id="46" depart="9022.07" from="10423" to="10394" fromTaz="01" toTaz="02" departLane="free" departSpeed="max"/>
    <trip id="364" depart="9027.45" from="8111" to="10389" fromTaz="10" toTaz="03" departLane="free" departSpeed="max"/>
    <trip id="289" depart="9035.10" from="8111" to="10394" fromTaz="10" toTaz="02" departLane="free" departSpeed="max"/>
    <trip id="329" depart="9036.13" from="8111" to="10389" fromTaz="10" toTaz="03" departLane="free" departSpeed="max"/>
    <trip id="428" depart="9040.44" from="8111" to="10389" fromTaz="10" toTaz="03" departLane="free" departSpeed="max"/>
    <trip id="297" depart="9041.56" from="8111" to="10389" fromTaz="10" toTaz="03" departLane="free" departSpeed="max"/>
    <trip id="2" depart="9047.70" from="7617" to="10394" fromTaz="00" toTaz="02" departLane="free" departSpeed="max"/>
    <trip id="17" depart="9048.48" from="7618" to="10389" fromTaz="00" toTaz="03" departLane="free" departSpeed="max"/>
    <trip id="508" depart="9070.69" from="1153" to="7359" fromTaz="12" toTaz="00" departLane="free" departSpeed="max"/>
    <trip id="78" depart="9089.34" from="6522" to="10389" fromTaz="03" toTaz="03" departLane="free" departSpeed="max"/>
    <trip id="491" depart="9101.64" from="5349" to="7359" fromTaz="11" toTaz="00" departLane="free" departSpeed="max"/>
    <trip id="83" depart="9110.64" from="6522" to="7765" fromTaz="03" toTaz="08" departLane="free" departSpeed="max"/>
    <trip id="423" depart="9123.50" from="8112" to="10389" fromTaz="10" toTaz="03" departLane="free" departSpeed="max"/>
    <trip id="514" depart="9126.25" from="1153" to="10410" fromTaz="12" toTaz="01" departLane="free" departSpeed="max"/>
    <trip id="24" depart="9143.63" from="7617" to="10389" fromTaz="00" toTaz="03" departLane="free" departSpeed="max"/>
    <trip id="372" depart="9144.09" from="8111" to="10389" fromTaz="10" toTaz="03" departLane="free" departSpeed="max"/>
    <trip id="115" depart="9145.23" from="12405" to="6659" fromTaz="04" toTaz="10" departLane="free" departSpeed="max"/>
    <trip id="256" depart="9154.95" from="6483" to="6515" fromTaz="09" toTaz="11" departLane="free" departSpeed="max"/>
    <trip id="54" depart="9172.95" from="10342.0" to="11548" fromTaz="01" toTaz="06" departLane="free" departSpeed="max"/>
    <trip id="321" depart="9195.57" from="8111" to="10389" fromTaz="10" toTaz="03" departLane="free" departSpeed="max"/>
    <trip id="125" depart="9212.06" from="12004" to="7359" fromTaz="05" toTaz="00" departLane="free" departSpeed="max"/>
    <trip id="236" depart="9212.91" from="6483" to="8031" fromTaz="09" toTaz="10" departLane="free" departSpeed="max"/>
    <trip id="450" depart="9222.25" from="8111" to="10389" fromTaz="10" toTaz="03" departLane="free" departSpeed="max"/>
    <trip id="216" depart="9224.63" from="7760" to="-7573" fromTaz="08" toTaz="12" departLane="free" departSpeed="max"/>
    <trip id="156" depart="9230.54" from="11597" to="12396" fromTaz="06" toTaz="04" departLane="free" departSpeed="max"/>
    <trip id="51" depart="9238.37" from="10342.0" to="12093" fromTaz="01" toTaz="05" departLane="free" departSpeed="max"/>
    <trip id="12" depart="9239.96" from="7617" to="10389" fromTaz="00" toTaz="03" departLane="free" departSpeed="max"/>
    <trip id="170" depart="9270.66" from="11597" to="1286" fromTaz="06" toTaz="13" departLane="free" departSpeed="max"/>
    <trip id="480" depart="9274.06" from="5349" to="7359" fromTaz="11" toTaz="00" departLane="free" departSpeed="max"/>
    <trip id="322" depart="9279.27" from="8111" to="10389" fromTaz="10" toTaz="03" departLane="free" departSpeed="max"/>
    <trip id="75" depart="9285.47" from="6522" to="10394" fromTaz="03" toTaz="02" departLane="free" departSpeed="max"/>
    <trip id="262" depart="9290.70" from="6483" to="6515" fromTaz="09" toTaz="11" departLane="free" departSpeed="max"/>
    <trip id="100" depart="9291.41" from="12405" to="10394" fromTaz="04" toTaz="02" departLane="free" departSpeed="max"/>
    <trip id="43" depart="9292.86" from="10423" to="7359" fromTaz="01" toTaz="00" departLane="free" departSpeed="max"/>
    <trip id="127" depart="9298.98" from="12004" to="10410" fromTaz="05" toTaz="01" departLane="free" departSpeed="max"/>
    <trip id="76" depart="9301.00" from="6522" to="10389" fromTaz="03" toTaz="03" departLane="free" departSpeed="max"/>
    <trip id="208" depart="9305.96" from="7760" to="7359" fromTaz="08" toTaz="00" departLane="free" departSpeed="max"/>
    <trip id="405" depart="9308.20" from="8111" to="10389" fromTaz="10" toTaz="03" departLane="free" departSpeed="max"/>
    <trip id="29" depart="9316.75" from="7617" to="11548" fromTaz="00" toTaz="06" departLane="free" departSpeed="max"/>
    <trip id="279" depart="9334.26" from="8111" to="7359" fromTaz="10" toTaz="00" departLane="free" departSpeed="max"/>
    <trip id="186" depart="9334.27" from="12527" to="10389" fromTaz="07" toTaz="03" departLane="free" departSpeed="max"/>
    <trip id="255" depart="9336.58" from="6483" to="6515" fromTaz="09" toTaz="11" departLane="free" departSpeed="max"/>
    <trip id="62" depart="9337.39" from="10423" to="7533" fromTaz="01" toTaz="09" departLane="free" departSpeed="max"/>
    <trip id="42" depart="9338.70" from="7618" to="7677" fromTaz="00" toTaz="07" departLane="free" departSpeed="max"/>
    <trip id="260" depart="9350.38" from="6483" to="6515" fromTaz="09" toTaz="11" departLane="free" departSpeed="max"/>
    <trip id="152" depart="9362.87" from="11597" to="10389" fromTaz="06" toTaz="03" departLane="free" departSpeed="max"/>
    <trip id="33" depart="9369.75" from="7617" to="11548" fromTaz="00" toTaz="06" departLane="free" departSpeed="max"/>
    <trip id="345" depart="9382.08" from="8111" to="10389" fromTaz="10" toTaz="03" departLane="free" departSpeed="max"/>
    <trip id="513" depart="9383.04" from="1153" to="10410" fromTaz="12" toTaz="01" departLane="free" departSpeed="max"/>
    <trip id="196" depart="9387.63" from="12527" to="8031" fromTaz="07" toTaz="10" departLane="free" departSpeed="max"/>
    <trip id="184" depart="9395.42" from="12527" to="10394" fromTaz="07" toTaz="02" departLane="free" departSpeed="max"/>
    <trip id="44" depart="9398.82" from="10342.0" to="10394" fromTaz="01" toTaz="02" departLane="free" departSpeed="max"/>
    <trip id="486" depart="9427.29" from="5349" to="7359" fromTaz="11" toTaz="00" departLane="free" departSpeed="max"/>
    <trip id="118" depart="9429.89" from="12405" to="6515" fromTaz="04" toTaz="11" departLane="free" departSpeed="max"/>
    <trip id="456" depart="9433.68" from="8111" to="10389" fromTaz="10" toTaz="03" departLane="free" departSpeed="max"/>
    <trip id="108" depart="9435.24" from="12405" to="7677" fromTaz="04" toTaz="07" departLane="free" departSpeed="max"/>
    <trip id="19" depart="9439.54" from="7617" to="10389" fromTaz="00" toTaz="03" departLane="free" departSpeed="max"/>
    <trip id="244" depart="9452.74" from="6483" to="8031" fromTaz="09" toTaz="10" departLane="free" departSpeed="max"/>
    <trip id="56" depart="9452.80" from="10342.0" to="7677" fromTaz="01" toTaz="07" departLane="free" departSpeed="max"/>
    <trip id="90" depart="9453.21" from="6522" to="-7573" fromTaz="03" toTaz="12" departLane="free" departSpeed="max"/>
    <trip id="277" depart="9453.48" from="8111" to="7359" fromTaz="10" toTaz="00" departLane="free" departSpeed="max"/>
    <trip id="325" depart="9467.71" from="8112" to="10389" fromTaz="10" toTaz="03" departLane="free" departSpeed="max"/>
    <trip id="460" depart="9470.23" from="8111" to="10389" fromTaz="10" toTaz="03" departLane="free" departSpeed="max"/>
    <trip id="454" depart="9475.68" from="8111" to="10389" fromTaz="10" toTaz="03" departLane="free" departSpeed="max"/>
    <trip id="223" depart="9477.14" from="6483" to="7359" fromTaz="09" toTaz="00" departLane="free" departSpeed="max"/>
    <trip id="334" depart="9485.33" from="8111" to="10389" fromTaz="10" toTaz="03" departLane="free" departSpeed="max"/>
    <trip id="153" depart="9494.04" from="11597" to="10389" fromTaz="06" toTaz="03" departLane="free" departSpeed="max"/>
    <trip id="151" depart="9498.03" from="11597" to="10389" fromTaz="06" toTaz="03" departLane="free" departSpeed="max"/>
    <trip id="340" depart="9498.14" from="8111" to="10389" fromTaz="10" toTaz="03" departLane="free" departSpeed="max"/>
    <trip id="9" depart="9500.46" from="7617" to="10389" fromTaz="00" toTaz="03" departLane="free" departSpeed="max"/>
    <trip id="158" depart="9506.92" from="11597" to="7677" fromTaz="06" toTaz="07" departLane="free" departSpeed="max"/>
    <trip id="143" depart="9511.62" from="11597" to="7359" fromTaz="06" toTaz="00" departLane="free" departSpeed="max"/>
    <trip id="28" depart="9513.27" from="7617" to="11548" fromTaz="00" toTaz="06" departLane="free" departSpeed="max"/>
    <trip id="412" depart="9544.55" from="8111" to="10389" fromTaz="10" toTaz="03" departLane="free" departSpeed="max"/>
    <trip id="187" depart="9551.80" from="12527" to="10389" fromTaz="07" toTaz="03" departLane="free" departSpeed="max"/>
    <trip id="298" depart="9554.88" from="8111" to="10389" fromTaz="10" toTaz="03" departLane="free" departSpeed="max"/>
    <trip id="40" depart="9559.25" from="7617" to="7677" fromTaz="00" toTaz="07" departLane="free" departSpeed="max"/>
    <trip id="215" depart="9586.31" from="7760" to="12396" fromTaz="08" toTaz="04" departLane="free" departSpeed="max"/>
    <trip id="332" depart="9586.33" from="8111" to="10389" fromTaz="10" toTaz="03" departLane="free" departSpeed="max"/>
    <trip id="355" depart="9586.99" from="8111" to="10389" fromTaz="10" toTaz="03" departLane="free" departSpeed="max"/>
    <trip id="495" depart="9593.65" from="5349" to="10410" fromTaz="11" toTaz="01" departLane="free" departSpeed="max"/>
    <trip id="369" depart="9602.41" from="8111" to="10389" fromTaz="10" toTaz="03" departLane="free" departSpeed="max"/>
    <trip id="45" depart="9602.94" from="10342.0" to="10394" fromTaz="01" toTaz="02" departLane="free" departSpeed="max"/>
    <trip id="424" depart="9608.39" from="8111" to="10389" fromTaz="10" toTaz="03" departLane="free" departSpeed="max"/>
    <trip id="323" depart="9614.93" from="8111" to="10389" fromTaz="10" toTaz="03" departLane="free" departSpeed="max"/>
    <trip id="397" depart="9617.87" from="8111" to="10389" fromTaz="10" toTaz="03" departLane="free" departSpeed="max"/>
    <trip id="250" depart="9618.54" from="6483" to="6515" fromTaz="09" toTaz="11" departLane="free" departSpeed="max"/>
    <trip id="201" depart="9620.13" from="12527" to="6515" fromTaz="07" toTaz="11" departLane="free" departSpeed="max"/>
    <trip id="198" depart="9621.21" from="12527" to="6515" fromTaz="07" toTaz="11" departLane="free" departSpeed="max"/>
    <trip id="294" depart="9631.34" from="8111" to="10389" fromTaz="10" toTaz="03" departLane="free" departSpeed="max"/>
    <trip id="114" depart="9631.38" from="12405" to="7803" fromTaz="04" toTaz="09" departLane="free" departSpeed="max"/>
    <trip id="242" depart="9633.75" from="6483" to="8031" fromTaz="09" toTaz="10" departLane="free" departSpeed="max"/>
    <trip id="20" depart="9636.32" from="7617" to="10389" fromTaz="00" toTaz="03" departLane="free" departSpeed="max"/>
    <trip id="145" depart="9642.46" from="11597" to="10410" fromTaz="06" toTaz="01" departLane="free" departSpeed="max"/>
    <trip id="361" depart="9667.76" from="8111" to="10389" fromTaz="10" toTaz="03" departLane="free" departSpeed="max"/>
    <trip id="274" depart="9669.99" from="8111" to="7359" fromTaz="10" toTaz="00" departLane="free" departSpeed="max"/>
    <trip id="435" depart="9685.71" from="8111" to="10389" fromTaz="10" toTaz="03" departLane="free" departSpeed="max"/>
    <trip id="264" depart="9686.92" from="6483" to="-7573" fromTaz="09" toTaz="12" departLane="free" departSpeed="max"/>
    <trip id="0" depart="9688.08" from="7617" to="10394" fromTaz="00" toTaz="02" departLane="free" departSpeed="max"/>
    <trip id="97" depart="9695.64" from="12405" to="10410" fromTaz="04" toTaz="01" departLane="free" departSpeed="max"/>
    <trip id="80" depart="9735.57" from="6522" to="7677" fromTaz="03" toTaz="07" departLane="free" departSpeed="max"/>
    <trip id="206" depart="9740.64" from="12527" to="1286" fromTaz="07" toTaz="13" departLane="free" departSpeed="max"/>
    <trip id="275" depart="9741.66" from="8111" to="7359" fromTaz="10" toTaz="00" departLane="free" departSpeed="max"/>
    <trip id="91" depart="9746.34" from="6522" to="1286" fromTaz="03" toTaz="13" departLane="free" departSpeed="max"/>
    <trip id="420" depart="9747.60" from="8111" to="10389" fromTaz="10" toTaz="03" departLane="free" departSpeed="max"/>
    <trip id="413" depart="9755.69" from="8111" to="10389" fromTaz="10" toTaz="03" departLane="free" departSpeed="max"/>
    <trip id="389" depart="9760.31" from="8111" to="10389" fromTaz="10" toTaz="03" departLane="free" departSpeed="max"/>
    <trip id="68" depart="9771.59" from="10423" to="-7573" fromTaz="01" toTaz="12" departLane="free" departSpeed="max"/>
    <trip id="137" depart="9773.06" from="12004" to="6515" fromTaz="05" toTaz="11" departLane="free" departSpeed="max"/>
    <trip id="416" depart="9775.26" from="8111" to="10389" fromTaz="10" toTaz="03" departLane="free" departSpeed="max"/>
    <trip id="415" depart="9779.81" from="8112" to="10389" fromTaz="10" toTaz="03" departLane="free" departSpeed="max"/>
    <trip id="314" depart="9783.69" from="8111" to="10389" fromTaz="10" toTaz="03" departLane="free" departSpeed="max"/>
    <trip id="36" depart="9787.01" from="7617" to="7677" fromTaz="00" toTaz="07" departLane="free" departSpeed="max"/>
    <trip id="287" depart="9792.89" from="8111" to="10394" fromTaz="10" toTaz="02" departLane="free" departSpeed="max"/>
    <trip id="133" depart="9809.20" from="12004" to="7677" fromTaz="05" toTaz="07" departLane="free" departSpeed="max"/>
    <trip id="155" depart="9817.42" from="11597" to="12396" fromTaz="06" toTaz="04" departLane="free" departSpeed="max"/>
    <trip id="469" depart="9821.67" from="8111" to="6515" fromTaz="10" toTaz="11" departLane="free" departSpeed="max"/>
    <trip id="181" depart="9823.45" from="12527" to="10394" fromTaz="07" toTaz="02" departLane="free" departSpeed="max"/>
    <trip id="393" depart="9834.01" from="8111" to="10389" fromTaz="10" toTaz="03" departLane="free" departSpeed="max"/>
    <trip id="227" depart="9834.26" from="6483" to="7359" fromTaz="09" toTaz="00" departLane="free" departSpeed="max"/>
    <trip id="295" depart="9837.52" from="8112" to="10389" fromTaz="10" toTaz="03" departLane="free" departSpeed="max"/>
    <trip id="167" depart="9843.76" from="11597" to="-7573" fromTaz="06" toTaz="12" departLane="free" departSpeed="max"/>
    <trip id="473" depart="9844.94" from="8111" to="-7573" fromTaz="10" toTaz="12" departLane="free" departSpeed="max"/>
    <trip id="362" depart="9852.04" from="8111" to="10389" fromTaz="10" toTaz="03" departLane="free" departSpeed="max"/>
    <trip id="439" depart="9860.26" from="8111" to="10389" fromTaz="10" toTaz="03" departLane="free" departSpeed="max"/>
    <trip id="88" depart="9875.78" from="6522" to="6515" fromTaz="03" toTaz="11" departLane="free" departSpeed="max"/>
    <trip id="463" depart="9879.47" from="8111" to="12396" fromTaz="10" toTaz="04" departLane="free" departSpeed="max"/>
    <trip id="380" depart="9886.52" from="8111" to="10389" fromTaz="10" toTaz="03" departLane="free" departSpeed="max"/>
    <trip id="296" depart="9890.21" from="8111" to="10389" fromTaz="10" toTaz="03" departLane="free" departSpeed="max"/>
    <trip id="263" depart="9891.76" from="6483" to="6515" fromTaz="09" toTaz="11" departLane="free" departSpeed="max"/>
    <trip id="285" depart="9893.17" from="8112" to="10410" fromTaz="10" toTaz="01" departLane="free" departSpeed="max"/>
    <trip id="190" depart="9901.32" from="12527" to="12093" fromTaz="07" toTaz="05" departLane="free" departSpeed="max"/>
    <trip id="161" depart="9904.36" from="11597" to="8031" fromTaz="06" toTaz="10" departLane="free" departSpeed="max"/>
    <trip id="349" depart="9905.66" from="8111" to="10389" fromTaz="10" toTaz="03" departLane="free" departSpeed="max"/>
    <trip id="477" depart="9905.77" from="8111" to="1286" fromTaz="10" toTaz="13" departLane="free" departSpeed="max"/>
    <trip id="500" depart="9917.92" from="5349" to="10389" fromTaz="11" toTaz="03" departLane="free" departSpeed="max"/>
    <trip id="224" depart="9920.57" from="6483" to="7359" fromTaz="09" toTaz="00" departLane="free" departSpeed="max"/>
    <trip id="433" depart="9922.51" from="8111" to="10389" fromTaz="10" toTaz="03" departLane="free" departSpeed="max"/>
    <trip id="406" depart="9929.90" from="8111" to="10389" fromTaz="10" toTaz="03" departLane="free" departSpeed="max"/>
    <trip id="111" depart="9937.54" from="12405" to="7765" fromTaz="04" toTaz="08" departLane="free" departSpeed="max"/>
    <trip id="149" depart="9955.44" from="11597" to="10394" fromTaz="06" toTaz="02" departLane="free" departSpeed="max"/>
    <trip id="106" depart="9955.62" from="12405" to="11548" fromTaz="04" toTaz="06" departLane="free" departSpeed="max"/>
    <trip id="402" depart="9968.20" from="8111" to="10389" fromTaz="10" toTaz="03" departLane="free" departSpeed="max"/>
    <trip id="204" depart="9969.21" from="12527" to="-7573" fromTaz="07" toTaz="12" departLane="free" departSpeed="max"/>
    <trip id="459" depart="9994.07" from="8111" to="10389" fromTaz="10" toTaz="03" departLane="free" departSpeed="max"/>
    <trip id="357" depart="9996.63" from="8111" to="10389" fromTaz="10" toTaz="03" departLane="free" departSpeed="max"/>
    <trip id="220" depart="10003.80" from="7760" to="1286" fromTaz="08" toTaz="13" departLane="free" departSpeed="max"/>
    <trip id="49" depart="10007.46" from="10342.0" to="12396" fromTaz="01" toTaz="04" departLane="free" departSpeed="max"/>
    <trip id="229" depart="10021.36" from="6483" to="7359" fromTaz="09" toTaz="00" departLane="free" departSpeed="max"/>
    <trip id="239" depart="10025.17" from="6483" to="8031" fromTaz="09" toTaz="10" departLane="free" departSpeed="max"/>
    <trip id="290" depart="10028.21" from="8111" to="10394" fromTaz="10" toTaz="02" departLane="free" departSpeed="max"/>
    <trip id="442" depart="10031.69" from="8111" to="10389" fromTaz="10" toTaz="03" departLane="free" departSpeed="max"/>
    <trip id="140" depart="10046.98" from="12004" to="-7573" fromTaz="05" toTaz="12" departLane="free" departSpeed="max"/>
    <trip id="79" depart="10051.76" from="6522" to="10389" fromTaz="03" toTaz="03" departLane="free" departSpeed="max"/>
    <trip id="6" depart="10052.53" from="7618" to="10389" fromTaz="00" toTaz="03" departLane="free" departSpeed="max"/>
    <trip id="366" depart="10054.70" from="8111" to="10389" fromTaz="10" toTaz="03" departLane="free" departSpeed="max"/>
    <trip id="74" depart="10063.82" from="6522" to="10394" fromTaz="03" toTaz="02" departLane="free" departSpeed="max"/>
    <trip id="160" depart="10077.51" from="11597" to="7765" fromTaz="06" toTaz="08" departLane="free" departSpeed="max"/>
    <trip id="183" depart="10086.10" from="12527" to="10394" fromTaz="07" toTaz="02" departLane="free" departSpeed="max"/>
    <trip id="37" depart="10096.69" from="7618" to="7677" fromTaz="00" toTaz="07" departLane="free" departSpeed="max"/>
    <trip id="438" depart="10098.37" from="8112" to="10389" fromTaz="10" toTaz="03" departLane="free" departSpeed="max"/>
    <trip id="474" depart="10101.21" from="8111" to="-7573" fromTaz="10" toTaz="12" departLane="free" departSpeed="max"/>
    <trip id="191" depart="10104.07" from="12527" to="7765" fromTaz="07" toTaz="08" departLane="free" departSpeed="max"/>
    <trip id="85" depart="10113.56" from="6522" to="8031" fromTaz="03" toTaz="10" departLane="free" departSpeed="max"/>
    <trip id="281" depart="10132.15" from="8111" to="7359" fromTaz="10" toTaz="00" departLane="free" departSpeed="max"/>
    <trip id="230" depart="10136.74" from="6483" to="7359" fromTaz="09" toTaz="00" departLane="free" departSpeed="max"/>
    <trip id="209" depart="10145.58" from="7760" to="10410" fromTaz="08" toTaz="01" departLane="free" departSpeed="max"/>
    <trip id="501" depart="10149.40" from="5349" to="12396" fromTaz="11" toTaz="04" departLane="free" departSpeed="max"/>
    <trip id="4" depart="10150.16" from="7618" to="10394" fromTaz="00" toTaz="02" departLane="free" departSpeed="max"/>
    <trip id="342" depart="10151.65" from="8111" to="10389" fromTaz="10" toTaz="03" departLane="free" departSpeed="max"/>
    <trip id="200" depart="10163.32" from="12527" to="6515" fromTaz="07" toTaz="11" departLane="free" departSpeed="max"/>
    <trip id="448" depart="10198.05" from="8111" to="10389" fromTaz="10" toTaz="03" departLane="free" departSpeed="max"/>
    <trip id="30" depart="10201.37" from="7618" to="11548" fromTaz="00" toTaz="06" departLane="free" departSpeed="max"/>
    <trip id="245" depart="10212.32" from="6483" to="8031" fromTaz="09" toTaz="10" departLane="free" departSpeed="max"/>
    <trip id="425" depart="10225.03" from="8111" to="10389" fromTaz="10" toTaz="03" departLane="free" departSpeed="max"/>
    <trip id="82" depart="10229.70" from="6522" to="7677" fromTaz="03" toTaz="07" departLane="free" departSpeed="max"/>
    <trip id="212" depart="10230.51" from="7760" to="10394" fromTaz="08" toTaz="02" departLane="free" departSpeed="max"/>
    <trip id="313" depart="10238.75" from="8111" to="10389" fromTaz="10" toTaz="03" departLane="free" departSpeed="max"/>
    <trip id="218" depart="10241.47" from="7760" to="1286" fromTaz="08" toTaz="13" departLane="free" departSpeed="max"/>
    <trip id="228" depart="10243.22" from="6483" to="7359" fromTaz="09" toTaz="00" departLane="free" departSpeed="max"/>
    <trip id="503" depart="10248.32" from="5349" to="-7573" fromTaz="11" toTaz="12" departLane="free" departSpeed="max"/>
    <trip id="93" depart="10248.44" from="12405" to="7359" fromTaz="04" toTaz="00" departLane="free" departSpeed="max"/>
    <trip id="257" depart="10260.08" from="6483" to="6515" fromTaz="09" toTaz="11" departLane="free" departSpeed="max"/>
    <trip id="414" depart="10260.92" from="8111" to="10389" fromTaz="10" toTaz="03" departLane="free" departSpeed="max"/>
    <trip id="319" depart="10265.26" from="8111" to="10389" fromTaz="10" toTaz="03" departLane="free" departSpeed="max"/>
    <trip id="288" depart="10269.26" from="8111" to="10394" fromTaz="10" toTaz="02" departLane="free" departSpeed="max"/>
    <trip id="197" depart="10269.64" from="12527" to="8031" fromTaz="07" toTaz="10" departLane="free" departSpeed="max"/>
    <trip id="112" depart="10272.43" from="12405" to="7533" fromTaz="04" toTaz="09" departLane="free" departSpeed="max"/>
    <trip id="77" depart="10279.57" from="6522" to="10389" fromTaz="03" toTaz="03" departLane="free" departSpeed="max"/>
    <trip id="136" depart="10312.98" from="12004" to="8031" fromTaz="05" toTaz="10" departLane="free" departSpeed="max"/>
    <trip id="259" depart="10341.88" from="6483" to="6515" fromTaz="09" toTaz="11" departLane="free" departSpeed="max"/>
    <trip id="120" depart="10361.45" from="12405" to="-7573" fromTaz="04" toTaz="12" departLane="free" departSpeed="max"/>
    <trip id="354" depart="10363.48" from="8111" to="10389" fromTaz="10" toTaz="03" departLane="free" departSpeed="max"/>
    <trip id="464" depart="10365.47" from="8111" to="12396" fromTaz="10" toTaz="04" departLane="free" departSpeed="max"/>
    <trip id="130" depart="10378.95" from="12004" to="10394" fromTaz="05" toTaz="02" departLane="free" departSpeed="max"/>
    <trip id="22" depart="10381.59" from="7617" to="10389" fromTaz="00" toTaz="03" departLane="free" departSpeed="max"/>
    <trip id="315" depart="10381.81" from="8111" to="10389" fromTaz="10" toTaz="03" departLane="free" departSpeed="max"/>
    <trip id="452" depart="10390.39" from="8112" to="10389" fromTaz="10" toTaz="03" departLane="free" departSpeed="max"/>
    <trip id="166" depart="10399.21" from="11597" to="6515" fromTaz="06" toTaz="11" departLane="free" departSpeed="max"/>
    <trip id="436" depart="10400.33" from="8111" to="10389" fromTaz="10" toTaz="03" departLane="free" departSpeed="max"/>
    <trip id="63" depart="10425.98" from="10423" to="6659" fromTaz="01" toTaz="10" departLane="free" departSpeed="max"/>
    <trip id="516" depart="10431.47" from="1153" to="1286" fromTaz="12" toTaz="13" departLane="free" departSpeed="max"/>
    <trip id="254" depart="10435.57" from="6483" to="6515" fromTaz="09" toTaz="11" departLane="free" departSpeed="max"/>
    <trip id="119" depart="10435.66" from="12405" to="-7573" fromTaz="04" toTaz="12" departLane="free" departSpeed="max"/>
    <trip id="370" depart="10441.97" from="8111" to="10389" fromTaz="10" toTaz="03" departLane="free" departSpeed="max"/>
    <trip id="384" depart="10443.40" from="8111" to="10389" fromTaz="10" toTaz="03" departLane="free" departSpeed="max"/>
    <trip id="84" depart="10446.45" from="6522" to="7533" fromTaz="03" toTaz="09" departLane="free" departSpeed="max"/>
    <trip id="280" depart="10453.84" from="8111" to="7359" fromTaz="10" toTaz="00" departLane="free" departSpeed="max"/>
    <trip id="95" depart="10454.36" from="12405" to="7359" fromTaz="04" toTaz="00" departLane="free" departSpeed="max"/>
    <trip id="360" depart="10459.43" from="8111" to="10389" fromTaz="10" toTaz="03" departLane="free" departSpeed="max"/>
    <trip id="339" depart="10461.34" from="8111" to="10389" fromTaz="10" toTaz="03" departLane="free" departSpeed="max"/>
    <trip id="226" depart="10462.76" from="6483" to="7359" fromTaz="09" toTaz="00" departLane="free" departSpeed="max"/>
    <trip id="410" depart="10463.73" from="8111" to="10389" fromTaz="10" toTaz="03" departLane="free" departSpeed="max"/>
    <trip id="328" depart="10466.24" from="8111" to="10389" fromTaz="10" toTaz="03" departLane="free" departSpeed="max"/>
    <trip id="320" depart="10474.93" from="8112" to="10389" fromTaz="10" toTaz="03" departLane="free" departSpeed="max"/>
    <trip id="87" depart="10480.64" from="6522" to="6515" fromTaz="03" toTaz="11" departLane="free" departSpeed="max"/>
    <trip id="465" depart="10480.83" from="8111" to="12396" fromTaz="10" toTaz="04" departLane="free" departSpeed="max"/>
    <trip id="124" depart="10482.68" from="12004" to="7359" fromTaz="05" toTaz="00" departLane="free" departSpeed="max"/>
    <trip id="177" depart="10494.66" from="12527" to="10410" fromTaz="07" toTaz="01" departLane="free" departSpeed="max"/>
    <trip id="157" depart="10497.40" from="11597" to="12396" fromTaz="06" toTaz="04" departLane="free" departSpeed="max"/>
    <trip id="453" depart="10502.30" from="8111" to="10389" fromTaz="10" toTaz="03" departLane="free" departSpeed="max"/>
    <trip id="70" depart="10502.66" from="10423" to="1286" fromTaz="01" toTaz="13" departLane="free" departSpeed="max"/>
    <trip id="409" depart="10508.90" from="8111" to="10389" fromTaz="10" toTaz="03" departLane="free" departSpeed="max"/>
    <trip id="192" depart="10526.67" from="12527" to="7533" fromTaz="07" toTaz="09" departLane="free" departSpeed="max"/>
    <trip id="65" depart="10527.45" from="10423" to="6515" fromTaz="01" toTaz="11" departLane="free" departSpeed="max"/>
    <trip id="305" depart="10551.02" from="8111" to="10389" fromTaz="10" toTaz="03" departLane="free" departSpeed="max"/>
    <trip id="135" depart="10551.22" from="12004" to="7803" fromTaz="05" toTaz="09" departLane="free" departSpeed="max"/>
    <trip id="31" depart="10563.45" from="7617" to="11548" fromTaz="00" toTaz="06" departLane="free" departSpeed="max"/>
    <trip id="382" depart="10568.75" from="8111" to="10389" fromTaz="10" toTaz="03" departLane="free" departSpeed="max"/>
    <trip id="507" depart="10573.74" from="1153" to="7359" fromTaz="12" toTaz="00" departLane="free" departSpeed="max"/>
    <trip id="165" depart="10574.33" from="11597" to="6515" fromTaz="06" toTaz="11" departLane="free" departSpeed="max"/>
    <trip id="168" depart="10574.99" from="11597" to="-7573" fromTaz="06" toTaz="12" departLane="free" departSpeed="max"/>
    <trip id="233" depart="10577.90" from="6483" to="10410" fromTaz="09" toTaz="01" departLane="free" departSpeed="max"/>
    <trip id="401" depart="10581.02" from="8111" to="10389" fromTaz="10" toTaz="03" departLane="free" departSpeed="max"/>
    <trip id="327" depart="10589.24" from="8111" to="10389" fromTaz="10" toTaz="03" departLane="free" departSpeed="max"/>
    <trip id="180" depart="10595.39" from="12527" to="10394" fromTaz="07" toTaz="02" departLane="free" departSpeed="max"/>
    <trip id="238" depart="10618.88" from="6483" to="8031" fromTaz="09" toTaz="10" departLane="free" departSpeed="max"/>
    <trip id="338" depart="10652.46" from="8111" to="10389" fromTaz="10" toTaz="03" departLane="free" departSpeed="max"/>
    <trip id="394" depart="10654.58" from="8111" to="10389" fromTaz="10" toTaz="03" departLane="free" departSpeed="max"/>
    <trip id="316" depart="10668.15" from="8111" to="10389" fromTaz="10" toTaz="03" departLane="free" departSpeed="max"/>
    <trip id="211" depart="10675.03" from="7760" to="10394" fromTaz="08" toTaz="02" departLane="free" departSpeed="max"/>
    <trip id="385" depart="10676.09" from="8111" to="10389" fromTaz="10" toTaz="03" departLane="free" departSpeed="max"/>
    <trip id="326" depart="10690.81" from="8111" to="10389" fromTaz="10" toTaz="03" departLane="free" departSpeed="max"/>
    <trip id="267" depart="10693.24" from="6483" to="1286" fromTaz="09" toTaz="13" departLane="free" departSpeed="max"/>
    <trip id="210" depart="10698.49" from="7760" to="10410" fromTaz="08" toTaz="01" departLane="free" departSpeed="max"/>
    <trip id="194" depart="10705.64" from="12527" to="7533" fromTaz="07" toTaz="09" departLane="free" departSpeed="max"/>
    <trip id="219" depart="10733.43" from="7760" to="1286" fromTaz="08" toTaz="13" departLane="free" departSpeed="max"/>
    <trip id="504" depart="10733.64" from="5349" to="-7573" fromTaz="11" toTaz="12" departLane="free" departSpeed="max"/>
    <trip id="399" depart="10745.62" from="8111" to="10389" fromTaz="10" toTaz="03" departLane="free" departSpeed="max"/>
    <trip id="269" depart="10754.81" from="8111" to="7359" fromTaz="10" toTaz="00" departLane="free" departSpeed="max"/>
    <trip id="478" depart="10766.23" from="8111" to="1286" fromTaz="10" toTaz="13" departLane="free" departSpeed="max"/>
    <trip id="113" depart="10769.32" from="12405" to="7533" fromTaz="04" toTaz="09" departLane="free" departSpeed="max"/>
    <trip id="506" depart="10771.26" from="5349" to="1286" fromTaz="11" toTaz="13" departLane="free" departSpeed="max"/>
    <trip id="50" depart="10773.33" from="10342.0" to="12396" fromTaz="01" toTaz="04" departLane="free" departSpeed="max"/>
    <trip id="437" depart="10792.73" from="8111" to="10389" fromTaz="10" toTaz="03" departLane="free" departSpeed="max"/>
    <trip id="107" depart="10794.65" from="12405" to="7677" fromTaz="04" toTaz="07" departLane="free" departSpeed="max"/>
</routes>
