<?xml version="1.0" encoding="UTF-8"?>

<!-- generated on 2021-07-06 17:26:50 by Eclipse SUMO od2trips Version v1_9_2+0269-1a3e5af8ed
<configuration xmlns:xsi="http://www.w3.org/2001/XMLSchema-instance" xsi:noNamespaceSchemaLocation="http://sumo.dlr.de/xsd/od2tripsConfiguration.xsd">

    <input>
        <taz-files value="../TAZ/gharrafa_taz.xml"/>
        <od-matrix-files value="gharrafaMatOD_1-2_R1"/>
    </input>

    <output>
        <output-file value="gha_trips_1-2_R1.rou.xml"/>
    </output>

</configuration>
-->

<routes xmlns:xsi="http://www.w3.org/2001/XMLSchema-instance" xsi:noNamespaceSchemaLocation="http://sumo.dlr.de/xsd/routes_file.xsd">
    <trip id="487" depart="3604.77" from="8111" to="10389" fromTaz="10" toTaz="03" departLane="free" departSpeed="max"/>
    <trip id="298" depart="3608.55" from="6483" to="8031" fromTaz="09" toTaz="10" departLane="free" departSpeed="max"/>
    <trip id="221" depart="3611.12" from="12527" to="10394" fromTaz="07" toTaz="02" departLane="free" departSpeed="max"/>
    <trip id="153" depart="3613.05" from="12405" to="-7573" fromTaz="04" toTaz="12" departLane="free" departSpeed="max"/>
    <trip id="9" depart="3618.39" from="7617" to="10394" fromTaz="00" toTaz="02" departLane="free" departSpeed="max"/>
    <trip id="380" depart="3619.61" from="8111" to="10389" fromTaz="10" toTaz="03" departLane="free" departSpeed="max"/>
    <trip id="358" depart="3620.24" from="8111" to="10389" fromTaz="10" toTaz="03" departLane="free" departSpeed="max"/>
    <trip id="108" depart="3622.71" from="6522" to="7677" fromTaz="03" toTaz="07" departLane="free" departSpeed="max"/>
    <trip id="57" depart="3627.48" from="10342.0" to="10394" fromTaz="01" toTaz="02" departLane="free" departSpeed="max"/>
    <trip id="704" depart="3635.70" from="1153" to="1286" fromTaz="12" toTaz="13" departLane="free" departSpeed="max"/>
    <trip id="494" depart="3637.70" from="8111" to="10389" fromTaz="10" toTaz="03" departLane="free" departSpeed="max"/>
    <trip id="130" depart="3639.03" from="12405" to="10410" fromTaz="04" toTaz="01" departLane="free" departSpeed="max"/>
    <trip id="539" depart="3646.90" from="8111" to="10389" fromTaz="10" toTaz="03" departLane="free" departSpeed="max"/>
    <trip id="90" depart="3647.01" from="10423" to="6515" fromTaz="01" toTaz="11" departLane="free" departSpeed="max"/>
    <trip id="269" depart="3652.47" from="6483" to="7359" fromTaz="09" toTaz="00" departLane="free" departSpeed="max"/>
    <trip id="511" depart="3654.47" from="8112" to="10389" fromTaz="10" toTaz="03" departLane="free" departSpeed="max"/>
    <trip id="5" depart="3655.65" from="7617" to="10394" fromTaz="00" toTaz="02" departLane="free" departSpeed="max"/>
    <trip id="565" depart="3670.72" from="8111" to="10389" fromTaz="10" toTaz="03" departLane="free" departSpeed="max"/>
    <trip id="555" depart="3673.98" from="8111" to="10389" fromTaz="10" toTaz="03" departLane="free" departSpeed="max"/>
    <trip id="678" depart="3676.05" from="5349" to="7359" fromTaz="11" toTaz="00" departLane="free" departSpeed="max"/>
    <trip id="519" depart="3676.76" from="8111" to="10389" fromTaz="10" toTaz="03" departLane="free" departSpeed="max"/>
    <trip id="386" depart="3677.89" from="8111" to="10389" fromTaz="10" toTaz="03" departLane="free" departSpeed="max"/>
    <trip id="656" depart="3689.32" from="8111" to="6515" fromTaz="10" toTaz="11" departLane="free" departSpeed="max"/>
    <trip id="92" depart="3689.60" from="10423" to="-7573" fromTaz="01" toTaz="12" departLane="free" departSpeed="max"/>
    <trip id="160" depart="3694.84" from="12004" to="10410" fromTaz="05" toTaz="01" departLane="free" departSpeed="max"/>
    <trip id="202" depart="3701.43" from="11597" to="6515" fromTaz="06" toTaz="11" departLane="free" departSpeed="max"/>
    <trip id="476" depart="3705.18" from="8111" to="10389" fromTaz="10" toTaz="03" departLane="free" departSpeed="max"/>
    <trip id="367" depart="3706.94" from="8111" to="10389" fromTaz="10" toTaz="03" departLane="free" departSpeed="max"/>
    <trip id="113" depart="3707.79" from="6522" to="8031" fromTaz="03" toTaz="10" departLane="free" departSpeed="max"/>
    <trip id="336" depart="3707.93" from="8111" to="7359" fromTaz="10" toTaz="00" departLane="free" departSpeed="max"/>
    <trip id="353" depart="3709.27" from="8111" to="10394" fromTaz="10" toTaz="02" departLane="free" departSpeed="max"/>
    <trip id="339" depart="3714.89" from="8111" to="7359" fromTaz="10" toTaz="00" departLane="free" departSpeed="max"/>
    <trip id="119" depart="3716.59" from="6522" to="6515" fromTaz="03" toTaz="11" departLane="free" departSpeed="max"/>
    <trip id="176" depart="3736.66" from="12004" to="-7573" fromTaz="05" toTaz="12" departLane="free" departSpeed="max"/>
    <trip id="166" depart="3739.18" from="12004" to="11548" fromTaz="05" toTaz="06" departLane="free" departSpeed="max"/>
    <trip id="616" depart="3745.86" from="8111" to="10389" fromTaz="10" toTaz="03" departLane="free" departSpeed="max"/>
    <trip id="288" depart="3750.40" from="6483" to="10410" fromTaz="09" toTaz="01" departLane="free" departSpeed="max"/>
    <trip id="514" depart="3753.28" from="8111" to="10389" fromTaz="10" toTaz="03" departLane="free" departSpeed="max"/>
    <trip id="533" depart="3753.62" from="8111" to="10389" fromTaz="10" toTaz="03" departLane="free" departSpeed="max"/>
    <trip id="618" depart="3759.54" from="8111" to="10389" fromTaz="10" toTaz="03" departLane="free" departSpeed="max"/>
    <trip id="18" depart="3763.02" from="7617" to="10389" fromTaz="00" toTaz="03" departLane="free" departSpeed="max"/>
    <trip id="535" depart="3767.76" from="8111" to="10389" fromTaz="10" toTaz="03" departLane="free" departSpeed="max"/>
    <trip id="425" depart="3782.42" from="8111" to="10389" fromTaz="10" toTaz="03" departLane="free" departSpeed="max"/>
    <trip id="44" depart="3788.13" from="7617" to="7677" fromTaz="00" toTaz="07" departLane="free" departSpeed="max"/>
    <trip id="252" depart="3788.21" from="7760" to="10410" fromTaz="08" toTaz="01" departLane="free" departSpeed="max"/>
    <trip id="254" depart="3789.20" from="7760" to="10394" fromTaz="08" toTaz="02" departLane="free" departSpeed="max"/>
    <trip id="316" depart="3789.34" from="8111" to="7359" fromTaz="10" toTaz="00" departLane="free" departSpeed="max"/>
    <trip id="98" depart="3796.41" from="6522" to="7359" fromTaz="03" toTaz="00" departLane="free" departSpeed="max"/>
    <trip id="471" depart="3800.43" from="8111" to="10389" fromTaz="10" toTaz="03" departLane="free" departSpeed="max"/>
    <trip id="231" depart="3802.95" from="12527" to="12093" fromTaz="07" toTaz="05" departLane="free" departSpeed="max"/>
    <trip id="302" depart="3808.04" from="6483" to="6515" fromTaz="09" toTaz="11" departLane="free" departSpeed="max"/>
    <trip id="369" depart="3820.27" from="8111" to="10389" fromTaz="10" toTaz="03" departLane="free" departSpeed="max"/>
    <trip id="377" depart="3820.65" from="8112" to="10389" fromTaz="10" toTaz="03" departLane="free" departSpeed="max"/>
    <trip id="238" depart="3822.36" from="12527" to="8031" fromTaz="07" toTaz="10" departLane="free" departSpeed="max"/>
    <trip id="331" depart="3824.07" from="8111" to="7359" fromTaz="10" toTaz="00" departLane="free" departSpeed="max"/>
    <trip id="26" depart="3838.38" from="7617" to="10389" fromTaz="00" toTaz="03" departLane="free" departSpeed="max"/>
    <trip id="502" depart="3840.80" from="8111" to="10389" fromTaz="10" toTaz="03" departLane="free" departSpeed="max"/>
    <trip id="479" depart="3843.94" from="8111" to="10389" fromTaz="10" toTaz="03" departLane="free" departSpeed="max"/>
    <trip id="247" depart="3844.16" from="12527" to="1286" fromTaz="07" toTaz="13" departLane="free" departSpeed="max"/>
    <trip id="205" depart="3854.09" from="11597" to="-7573" fromTaz="06" toTaz="12" departLane="free" departSpeed="max"/>
    <trip id="667" depart="3859.99" from="5349" to="7359" fromTaz="11" toTaz="00" departLane="free" departSpeed="max"/>
    <trip id="390" depart="3860.97" from="8111" to="10389" fromTaz="10" toTaz="03" departLane="free" departSpeed="max"/>
    <trip id="470" depart="3872.92" from="8111" to="10389" fromTaz="10" toTaz="03" departLane="free" departSpeed="max"/>
    <trip id="371" depart="3876.27" from="8111" to="10389" fromTaz="10" toTaz="03" departLane="free" departSpeed="max"/>
    <trip id="587" depart="3878.45" from="8111" to="10389" fromTaz="10" toTaz="03" departLane="free" departSpeed="max"/>
    <trip id="325" depart="3880.53" from="8111" to="7359" fromTaz="10" toTaz="00" departLane="free" departSpeed="max"/>
    <trip id="578" depart="3884.18" from="8111" to="10389" fromTaz="10" toTaz="03" departLane="free" departSpeed="max"/>
    <trip id="623" depart="3902.92" from="8111" to="10389" fromTaz="10" toTaz="03" departLane="free" departSpeed="max"/>
    <trip id="515" depart="3902.97" from="8111" to="10389" fromTaz="10" toTaz="03" departLane="free" departSpeed="max"/>
    <trip id="660" depart="3904.87" from="8112" to="-7573" fromTaz="10" toTaz="12" departLane="free" departSpeed="max"/>
    <trip id="630" depart="3906.30" from="8111" to="10389" fromTaz="10" toTaz="03" departLane="free" departSpeed="max"/>
    <trip id="381" depart="3914.38" from="8111" to="10389" fromTaz="10" toTaz="03" departLane="free" departSpeed="max"/>
    <trip id="141" depart="3921.07" from="12405" to="7765" fromTaz="04" toTaz="08" departLane="free" departSpeed="max"/>
    <trip id="66" depart="3925.69" from="10342.0" to="10394" fromTaz="01" toTaz="02" departLane="free" departSpeed="max"/>
    <trip id="312" depart="3927.86" from="6483" to="-7573" fromTaz="09" toTaz="12" departLane="free" departSpeed="max"/>
    <trip id="368" depart="3931.23" from="8111" to="10389" fromTaz="10" toTaz="03" departLane="free" departSpeed="max"/>
    <trip id="561" depart="3935.03" from="8111" to="10389" fromTaz="10" toTaz="03" departLane="free" departSpeed="max"/>
    <trip id="338" depart="3940.73" from="8111" to="7359" fromTaz="10" toTaz="00" departLane="free" departSpeed="max"/>
    <trip id="550" depart="3940.80" from="8111" to="10389" fromTaz="10" toTaz="03" departLane="free" departSpeed="max"/>
    <trip id="529" depart="3942.66" from="8111" to="10389" fromTaz="10" toTaz="03" departLane="free" departSpeed="max"/>
    <trip id="167" depart="3949.67" from="12004" to="7677" fromTaz="05" toTaz="07" departLane="free" departSpeed="max"/>
    <trip id="291" depart="3950.79" from="6483" to="6659" fromTaz="09" toTaz="10" departLane="free" departSpeed="max"/>
    <trip id="47" depart="3953.09" from="7618" to="7677" fromTaz="00" toTaz="07" departLane="free" departSpeed="max"/>
    <trip id="679" depart="3974.70" from="5349" to="7359" fromTaz="11" toTaz="00" departLane="free" departSpeed="max"/>
    <trip id="7" depart="3981.92" from="7618" to="10394" fromTaz="00" toTaz="02" departLane="free" departSpeed="max"/>
    <trip id="636" depart="3989.08" from="8111" to="10389" fromTaz="10" toTaz="03" departLane="free" departSpeed="max"/>
    <trip id="372" depart="3993.73" from="8111" to="10389" fromTaz="10" toTaz="03" departLane="free" departSpeed="max"/>
    <trip id="617" depart="3995.17" from="8111" to="10389" fromTaz="10" toTaz="03" departLane="free" departSpeed="max"/>
    <trip id="415" depart="3996.42" from="8111" to="10389" fromTaz="10" toTaz="03" departLane="free" departSpeed="max"/>
    <trip id="88" depart="3997.95" from="10342.0" to="8031" fromTaz="01" toTaz="10" departLane="free" departSpeed="max"/>
    <trip id="144" depart="3998.44" from="12405" to="7803" fromTaz="04" toTaz="09" departLane="free" departSpeed="max"/>
    <trip id="412" depart="4009.79" from="8111" to="10389" fromTaz="10" toTaz="03" departLane="free" departSpeed="max"/>
    <trip id="350" depart="4011.22" from="8111" to="10394" fromTaz="10" toTaz="02" departLane="free" departSpeed="max"/>
    <trip id="456" depart="4016.57" from="8111" to="10389" fromTaz="10" toTaz="03" departLane="free" departSpeed="max"/>
    <trip id="287" depart="4020.68" from="6483" to="10410" fromTaz="09" toTaz="01" departLane="free" departSpeed="max"/>
    <trip id="270" depart="4022.38" from="6483" to="7359" fromTaz="09" toTaz="00" departLane="free" departSpeed="max"/>
    <trip id="32" depart="4023.68" from="7617" to="11548" fromTaz="00" toTaz="06" departLane="free" departSpeed="max"/>
    <trip id="405" depart="4025.10" from="8111" to="10389" fromTaz="10" toTaz="03" departLane="free" departSpeed="max"/>
    <trip id="155" depart="4026.92" from="12405" to="1286" fromTaz="04" toTaz="13" departLane="free" departSpeed="max"/>
    <trip id="25" depart="4036.43" from="7617" to="10389" fromTaz="00" toTaz="03" departLane="free" departSpeed="max"/>
    <trip id="625" depart="4041.70" from="8111" to="10389" fromTaz="10" toTaz="03" departLane="free" departSpeed="max"/>
    <trip id="619" depart="4042.81" from="8111" to="10389" fromTaz="10" toTaz="03" departLane="free" departSpeed="max"/>
    <trip id="45" depart="4048.25" from="7617" to="7677" fromTaz="00" toTaz="07" departLane="free" departSpeed="max"/>
    <trip id="394" depart="4052.31" from="8111" to="10389" fromTaz="10" toTaz="03" departLane="free" departSpeed="max"/>
    <trip id="413" depart="4056.61" from="8111" to="10389" fromTaz="10" toTaz="03" departLane="free" departSpeed="max"/>
    <trip id="671" depart="4071.75" from="5349" to="7359" fromTaz="11" toTaz="00" departLane="free" departSpeed="max"/>
    <trip id="398" depart="4076.56" from="8111" to="10389" fromTaz="10" toTaz="03" departLane="free" departSpeed="max"/>
    <trip id="1" depart="4076.94" from="7617" to="10394" fromTaz="00" toTaz="02" departLane="free" departSpeed="max"/>
    <trip id="320" depart="4077.14" from="8111" to="7359" fromTaz="10" toTaz="00" departLane="free" departSpeed="max"/>
    <trip id="179" depart="4078.93" from="12004" to="1286" fromTaz="05" toTaz="13" departLane="free" departSpeed="max"/>
    <trip id="560" depart="4082.04" from="8111" to="10389" fromTaz="10" toTaz="03" departLane="free" departSpeed="max"/>
    <trip id="163" depart="4105.51" from="12004" to="10394" fromTaz="05" toTaz="02" departLane="free" departSpeed="max"/>
    <trip id="255" depart="4108.52" from="7760" to="10394" fromTaz="08" toTaz="02" departLane="free" departSpeed="max"/>
    <trip id="684" depart="4110.67" from="5349" to="7359" fromTaz="11" toTaz="00" departLane="free" departSpeed="max"/>
    <trip id="538" depart="4127.29" from="8111" to="10389" fromTaz="10" toTaz="03" departLane="free" departSpeed="max"/>
    <trip id="675" depart="4130.66" from="5349" to="7359" fromTaz="11" toTaz="00" departLane="free" departSpeed="max"/>
    <trip id="219" depart="4141.29" from="12527" to="10410" fromTaz="07" toTaz="01" departLane="free" departSpeed="max"/>
    <trip id="552" depart="4141.66" from="8111" to="10389" fromTaz="10" toTaz="03" departLane="free" departSpeed="max"/>
    <trip id="180" depart="4153.25" from="11597" to="7359" fromTaz="06" toTaz="00" departLane="free" departSpeed="max"/>
    <trip id="506" depart="4158.67" from="8111" to="10389" fromTaz="10" toTaz="03" departLane="free" departSpeed="max"/>
    <trip id="100" depart="4158.98" from="6522" to="10394" fromTaz="03" toTaz="02" departLane="free" departSpeed="max"/>
    <trip id="690" depart="4159.93" from="5349" to="12396" fromTaz="11" toTaz="04" departLane="free" departSpeed="max"/>
    <trip id="234" depart="4161.79" from="12527" to="7533" fromTaz="07" toTaz="09" departLane="free" departSpeed="max"/>
    <trip id="228" depart="4161.95" from="12527" to="10389" fromTaz="07" toTaz="03" departLane="free" departSpeed="max"/>
    <trip id="139" depart="4168.32" from="12405" to="7677" fromTaz="04" toTaz="07" departLane="free" departSpeed="max"/>
    <trip id="670" depart="4168.51" from="5349" to="7359" fromTaz="11" toTaz="00" departLane="free" departSpeed="max"/>
    <trip id="611" depart="4169.90" from="8111" to="10389" fromTaz="10" toTaz="03" departLane="free" departSpeed="max"/>
    <trip id="305" depart="4173.43" from="6483" to="6515" fromTaz="09" toTaz="11" departLane="free" departSpeed="max"/>
    <trip id="161" depart="4174.15" from="12004" to="10394" fromTaz="05" toTaz="02" departLane="free" departSpeed="max"/>
    <trip id="226" depart="4174.27" from="12527" to="10389" fromTaz="07" toTaz="03" departLane="free" departSpeed="max"/>
    <trip id="603" depart="4191.35" from="8111" to="10389" fromTaz="10" toTaz="03" departLane="free" departSpeed="max"/>
    <trip id="693" depart="4197.72" from="5349" to="1286" fromTaz="11" toTaz="13" departLane="free" departSpeed="max"/>
    <trip id="186" depart="4200.40" from="11597" to="10394" fromTaz="06" toTaz="02" departLane="free" departSpeed="max"/>
    <trip id="588" depart="4212.07" from="8111" to="10389" fromTaz="10" toTaz="03" departLane="free" departSpeed="max"/>
    <trip id="460" depart="4224.75" from="8111" to="10389" fromTaz="10" toTaz="03" departLane="free" departSpeed="max"/>
    <trip id="700" depart="4229.06" from="1153" to="10410" fromTaz="12" toTaz="01" departLane="free" departSpeed="max"/>
    <trip id="646" depart="4230.69" from="8111" to="6515" fromTaz="10" toTaz="11" departLane="free" departSpeed="max"/>
    <trip id="497" depart="4236.26" from="8111" to="10389" fromTaz="10" toTaz="03" departLane="free" departSpeed="max"/>
    <trip id="703" depart="4237.90" from="1153" to="10410" fromTaz="12" toTaz="01" departLane="free" departSpeed="max"/>
    <trip id="443" depart="4243.20" from="8111" to="10389" fromTaz="10" toTaz="03" departLane="free" departSpeed="max"/>
    <trip id="537" depart="4247.45" from="8111" to="10389" fromTaz="10" toTaz="03" departLane="free" departSpeed="max"/>
    <trip id="682" depart="4248.90" from="5349" to="7359" fromTaz="11" toTaz="00" departLane="free" departSpeed="max"/>
    <trip id="521" depart="4251.39" from="8111" to="10389" fromTaz="10" toTaz="03" departLane="free" departSpeed="max"/>
    <trip id="653" depart="4252.36" from="8111" to="6515" fromTaz="10" toTaz="11" departLane="free" departSpeed="max"/>
    <trip id="120" depart="4252.54" from="6522" to="-7573" fromTaz="03" toTaz="12" departLane="free" departSpeed="max"/>
    <trip id="640" depart="4260.40" from="8111" to="10389" fromTaz="10" toTaz="03" departLane="free" departSpeed="max"/>
    <trip id="435" depart="4262.61" from="8111" to="10389" fromTaz="10" toTaz="03" departLane="free" departSpeed="max"/>
    <trip id="267" depart="4263.46" from="7760" to="1286" fromTaz="08" toTaz="13" departLane="free" departSpeed="max"/>
    <trip id="14" depart="4266.67" from="7617" to="10389" fromTaz="00" toTaz="03" departLane="free" departSpeed="max"/>
    <trip id="608" depart="4268.80" from="8111" to="10389" fromTaz="10" toTaz="03" departLane="free" departSpeed="max"/>
    <trip id="658" depart="4273.42" from="8111" to="6515" fromTaz="10" toTaz="11" departLane="free" departSpeed="max"/>
    <trip id="301" depart="4275.61" from="6483" to="6515" fromTaz="09" toTaz="11" departLane="free" departSpeed="max"/>
    <trip id="440" depart="4287.79" from="8111" to="10389" fromTaz="10" toTaz="03" departLane="free" departSpeed="max"/>
    <trip id="694" depart="4288.12" from="5349" to="1286" fromTaz="11" toTaz="13" departLane="free" departSpeed="max"/>
    <trip id="571" depart="4294.15" from="8111" to="10389" fromTaz="10" toTaz="03" departLane="free" departSpeed="max"/>
    <trip id="424" depart="4298.32" from="8111" to="10389" fromTaz="10" toTaz="03" departLane="free" departSpeed="max"/>
    <trip id="280" depart="4300.29" from="6483" to="7359" fromTaz="09" toTaz="00" departLane="free" departSpeed="max"/>
    <trip id="668" depart="4314.00" from="5349" to="7359" fromTaz="11" toTaz="00" departLane="free" departSpeed="max"/>
    <trip id="16" depart="4324.95" from="7617" to="10389" fromTaz="00" toTaz="03" departLane="free" departSpeed="max"/>
    <trip id="397" depart="4326.20" from="8111" to="10389" fromTaz="10" toTaz="03" departLane="free" departSpeed="max"/>
    <trip id="384" depart="4326.65" from="8111" to="10389" fromTaz="10" toTaz="03" departLane="free" departSpeed="max"/>
    <trip id="567" depart="4331.24" from="8111" to="10389" fromTaz="10" toTaz="03" departLane="free" departSpeed="max"/>
    <trip id="628" depart="4336.94" from="8111" to="10389" fromTaz="10" toTaz="03" departLane="free" departSpeed="max"/>
    <trip id="259" depart="4339.90" from="7760" to="12396" fromTaz="08" toTaz="04" departLane="free" departSpeed="max"/>
    <trip id="159" depart="4341.96" from="12004" to="7359" fromTaz="05" toTaz="00" departLane="free" departSpeed="max"/>
    <trip id="461" depart="4344.46" from="8111" to="10389" fromTaz="10" toTaz="03" departLane="free" departSpeed="max"/>
    <trip id="303" depart="4344.62" from="6483" to="6515" fromTaz="09" toTaz="11" departLane="free" departSpeed="max"/>
    <trip id="3" depart="4354.69" from="7617" to="10394" fromTaz="00" toTaz="02" departLane="free" departSpeed="max"/>
    <trip id="513" depart="4355.92" from="8111" to="10389" fromTaz="10" toTaz="03" departLane="free" departSpeed="max"/>
    <trip id="137" depart="4359.36" from="12405" to="11548" fromTaz="04" toTaz="06" departLane="free" departSpeed="max"/>
    <trip id="382" depart="4361.23" from="8111" to="10389" fromTaz="10" toTaz="03" departLane="free" departSpeed="max"/>
    <trip id="633" depart="4364.85" from="8111" to="10389" fromTaz="10" toTaz="03" departLane="free" departSpeed="max"/>
    <trip id="677" depart="4366.72" from="5349" to="7359" fromTaz="11" toTaz="00" departLane="free" departSpeed="max"/>
    <trip id="118" depart="4367.89" from="6522" to="6515" fromTaz="03" toTaz="11" departLane="free" departSpeed="max"/>
    <trip id="346" depart="4380.76" from="8111" to="10410" fromTaz="10" toTaz="01" departLane="free" departSpeed="max"/>
    <trip id="286" depart="4383.83" from="6483" to="10410" fromTaz="09" toTaz="01" departLane="free" departSpeed="max"/>
    <trip id="151" depart="4384.00" from="12405" to="6515" fromTaz="04" toTaz="11" departLane="free" departSpeed="max"/>
    <trip id="51" depart="4390.89" from="10423" to="10394" fromTaz="01" toTaz="02" departLane="free" departSpeed="max"/>
    <trip id="375" depart="4403.45" from="8111" to="10389" fromTaz="10" toTaz="03" departLane="free" departSpeed="max"/>
    <trip id="104" depart="4409.33" from="6522" to="11548" fromTaz="03" toTaz="06" departLane="free" departSpeed="max"/>
    <trip id="145" depart="4409.38" from="12405" to="7803" fromTaz="04" toTaz="09" departLane="free" departSpeed="max"/>
    <trip id="650" depart="4410.93" from="8112" to="6515" fromTaz="10" toTaz="11" departLane="free" departSpeed="max"/>
    <trip id="485" depart="4415.52" from="8111" to="10389" fromTaz="10" toTaz="03" departLane="free" departSpeed="max"/>
    <trip id="207" depart="4426.70" from="11597" to="-7573" fromTaz="06" toTaz="12" departLane="free" departSpeed="max"/>
    <trip id="666" depart="4429.23" from="5349" to="7359" fromTaz="11" toTaz="00" departLane="free" departSpeed="max"/>
    <trip id="607" depart="4434.97" from="8111" to="10389" fromTaz="10" toTaz="03" departLane="free" departSpeed="max"/>
    <trip id="125" depart="4436.65" from="12405" to="7359" fromTaz="04" toTaz="00" departLane="free" departSpeed="max"/>
    <trip id="283" depart="4437.30" from="6483" to="7359" fromTaz="09" toTaz="00" departLane="free" departSpeed="max"/>
    <trip id="249" depart="4438.12" from="12527" to="1286" fromTaz="07" toTaz="13" departLane="free" departSpeed="max"/>
    <trip id="439" depart="4440.96" from="8111" to="10389" fromTaz="10" toTaz="03" departLane="free" departSpeed="max"/>
    <trip id="23" depart="4442.52" from="7617" to="10389" fromTaz="00" toTaz="03" departLane="free" departSpeed="max"/>
    <trip id="599" depart="4446.61" from="8111" to="10389" fromTaz="10" toTaz="03" departLane="free" departSpeed="max"/>
    <trip id="279" depart="4461.23" from="6483" to="7359" fromTaz="09" toTaz="00" departLane="free" departSpeed="max"/>
    <trip id="229" depart="4470.35" from="12527" to="12396" fromTaz="07" toTaz="04" departLane="free" departSpeed="max"/>
    <trip id="123" depart="4473.05" from="6522" to="1286" fromTaz="03" toTaz="13" departLane="free" departSpeed="max"/>
    <trip id="244" depart="4473.85" from="12527" to="-7573" fromTaz="07" toTaz="12" departLane="free" departSpeed="max"/>
    <trip id="564" depart="4482.10" from="8111" to="10389" fromTaz="10" toTaz="03" departLane="free" departSpeed="max"/>
    <trip id="263" depart="4484.88" from="7760" to="6515" fromTaz="08" toTaz="11" departLane="free" departSpeed="max"/>
    <trip id="306" depart="4487.94" from="6483" to="6515" fromTaz="09" toTaz="11" departLane="free" departSpeed="max"/>
    <trip id="705" depart="4488.77" from="1153" to="1286" fromTaz="12" toTaz="13" departLane="free" departSpeed="max"/>
    <trip id="261" depart="4490.10" from="7760" to="7533" fromTaz="08" toTaz="09" departLane="free" departSpeed="max"/>
    <trip id="55" depart="4491.90" from="10342.0" to="10394" fromTaz="01" toTaz="02" departLane="free" departSpeed="max"/>
    <trip id="437" depart="4498.98" from="8111" to="10389" fromTaz="10" toTaz="03" departLane="free" departSpeed="max"/>
    <trip id="455" depart="4502.01" from="8111" to="10389" fromTaz="10" toTaz="03" departLane="free" departSpeed="max"/>
    <trip id="500" depart="4504.86" from="8111" to="10389" fromTaz="10" toTaz="03" departLane="free" departSpeed="max"/>
    <trip id="580" depart="4509.84" from="8111" to="10389" fromTaz="10" toTaz="03" departLane="free" departSpeed="max"/>
    <trip id="241" depart="4510.95" from="12527" to="6515" fromTaz="07" toTaz="11" departLane="free" departSpeed="max"/>
    <trip id="142" depart="4513.45" from="12405" to="7765" fromTaz="04" toTaz="08" departLane="free" departSpeed="max"/>
    <trip id="157" depart="4513.53" from="12004" to="7359" fromTaz="05" toTaz="00" departLane="free" departSpeed="max"/>
    <trip id="198" depart="4518.04" from="11597" to="8031" fromTaz="06" toTaz="10" departLane="free" departSpeed="max"/>
    <trip id="124" depart="4523.23" from="12405" to="7359" fromTaz="04" toTaz="00" departLane="free" departSpeed="max"/>
    <trip id="39" depart="4527.91" from="7617" to="11548" fromTaz="00" toTaz="06" departLane="free" departSpeed="max"/>
    <trip id="459" depart="4528.89" from="8111" to="10389" fromTaz="10" toTaz="03" departLane="free" departSpeed="max"/>
    <trip id="84" depart="4528.90" from="10342.0" to="7765" fromTaz="01" toTaz="08" departLane="free" departSpeed="max"/>
    <trip id="193" depart="4537.58" from="11597" to="12396" fromTaz="06" toTaz="04" departLane="free" departSpeed="max"/>
    <trip id="501" depart="4546.31" from="8111" to="10389" fromTaz="10" toTaz="03" departLane="free" departSpeed="max"/>
    <trip id="549" depart="4553.25" from="8111" to="10389" fromTaz="10" toTaz="03" departLane="free" departSpeed="max"/>
    <trip id="341" depart="4553.74" from="8111" to="7359" fromTaz="10" toTaz="00" departLane="free" departSpeed="max"/>
    <trip id="556" depart="4555.82" from="8112" to="10389" fromTaz="10" toTaz="03" departLane="free" departSpeed="max"/>
    <trip id="293" depart="4555.98" from="6483" to="6659" fromTaz="09" toTaz="10" departLane="free" departSpeed="max"/>
    <trip id="593" depart="4565.35" from="8111" to="10389" fromTaz="10" toTaz="03" departLane="free" departSpeed="max"/>
    <trip id="402" depart="4571.03" from="8111" to="10389" fromTaz="10" toTaz="03" departLane="free" departSpeed="max"/>
    <trip id="107" depart="4572.40" from="6522" to="7677" fromTaz="03" toTaz="07" departLane="free" departSpeed="max"/>
    <trip id="190" depart="4573.10" from="11597" to="10389" fromTaz="06" toTaz="03" departLane="free" departSpeed="max"/>
    <trip id="59" depart="4597.77" from="10423" to="10394" fromTaz="01" toTaz="02" departLane="free" departSpeed="max"/>
    <trip id="332" depart="4602.62" from="8111" to="7359" fromTaz="10" toTaz="00" departLane="free" departSpeed="max"/>
    <trip id="245" depart="4607.16" from="12527" to="-7573" fromTaz="07" toTaz="12" departLane="free" departSpeed="max"/>
    <trip id="467" depart="4610.94" from="8111" to="10389" fromTaz="10" toTaz="03" departLane="free" departSpeed="max"/>
    <trip id="128" depart="4625.76" from="12405" to="10410" fromTaz="04" toTaz="01" departLane="free" departSpeed="max"/>
    <trip id="347" depart="4632.88" from="8111" to="10410" fromTaz="10" toTaz="01" departLane="free" departSpeed="max"/>
    <trip id="478" depart="4638.14" from="8111" to="10389" fromTaz="10" toTaz="03" departLane="free" departSpeed="max"/>
    <trip id="38" depart="4638.84" from="7618" to="11548" fromTaz="00" toTaz="06" departLane="free" departSpeed="max"/>
    <trip id="326" depart="4655.06" from="8111" to="7359" fromTaz="10" toTaz="00" departLane="free" departSpeed="max"/>
    <trip id="475" depart="4655.55" from="8111" to="10389" fromTaz="10" toTaz="03" departLane="free" departSpeed="max"/>
    <trip id="610" depart="4672.28" from="8111" to="10389" fromTaz="10" toTaz="03" departLane="free" departSpeed="max"/>
    <trip id="463" depart="4673.38" from="8111" to="10389" fromTaz="10" toTaz="03" departLane="free" departSpeed="max"/>
    <trip id="495" depart="4679.46" from="8111" to="10389" fromTaz="10" toTaz="03" departLane="free" departSpeed="max"/>
    <trip id="663" depart="4681.82" from="8111" to="1286" fromTaz="10" toTaz="13" departLane="free" departSpeed="max"/>
    <trip id="652" depart="4684.42" from="8111" to="6515" fromTaz="10" toTaz="11" departLane="free" departSpeed="max"/>
    <trip id="91" depart="4686.62" from="10342.0" to="6515" fromTaz="01" toTaz="11" departLane="free" departSpeed="max"/>
    <trip id="73" depart="4690.73" from="10423" to="12093" fromTaz="01" toTaz="05" departLane="free" departSpeed="max"/>
    <trip id="434" depart="4694.10" from="8111" to="10389" fromTaz="10" toTaz="03" departLane="free" departSpeed="max"/>
    <trip id="352" depart="4701.67" from="8111" to="10394" fromTaz="10" toTaz="02" departLane="free" departSpeed="max"/>
    <trip id="133" depart="4703.27" from="12405" to="10394" fromTaz="04" toTaz="02" departLane="free" departSpeed="max"/>
    <trip id="289" depart="4708.54" from="6483" to="7677" fromTaz="09" toTaz="07" departLane="free" departSpeed="max"/>
    <trip id="411" depart="4714.21" from="8111" to="10389" fromTaz="10" toTaz="03" departLane="free" departSpeed="max"/>
    <trip id="27" depart="4718.06" from="7617" to="10389" fromTaz="00" toTaz="03" departLane="free" departSpeed="max"/>
    <trip id="317" depart="4719.15" from="8111" to="7359" fromTaz="10" toTaz="00" departLane="free" departSpeed="max"/>
    <trip id="492" depart="4721.67" from="8112" to="10389" fromTaz="10" toTaz="03" departLane="free" departSpeed="max"/>
    <trip id="342" depart="4722.69" from="8111" to="7359" fromTaz="10" toTaz="00" departLane="free" departSpeed="max"/>
    <trip id="373" depart="4729.48" from="8111" to="10389" fromTaz="10" toTaz="03" departLane="free" departSpeed="max"/>
    <trip id="349" depart="4730.57" from="8111" to="10394" fromTaz="10" toTaz="02" departLane="free" departSpeed="max"/>
    <trip id="441" depart="4732.57" from="8111" to="10389" fromTaz="10" toTaz="03" departLane="free" departSpeed="max"/>
    <trip id="685" depart="4738.69" from="5349" to="10410" fromTaz="11" toTaz="01" departLane="free" departSpeed="max"/>
    <trip id="258" depart="4751.30" from="7760" to="10389" fromTaz="08" toTaz="03" departLane="free" departSpeed="max"/>
    <trip id="70" depart="4755.39" from="10423" to="12396" fromTaz="01" toTaz="04" departLane="free" departSpeed="max"/>
    <trip id="559" depart="4757.59" from="8111" to="10389" fromTaz="10" toTaz="03" departLane="free" departSpeed="max"/>
    <trip id="136" depart="4761.92" from="12405" to="12093" fromTaz="04" toTaz="05" departLane="free" departSpeed="max"/>
    <trip id="449" depart="4767.65" from="8111" to="10389" fromTaz="10" toTaz="03" departLane="free" departSpeed="max"/>
    <trip id="626" depart="4770.86" from="8111" to="10389" fromTaz="10" toTaz="03" departLane="free" departSpeed="max"/>
    <trip id="294" depart="4776.67" from="6483" to="8031" fromTaz="09" toTaz="10" departLane="free" departSpeed="max"/>
    <trip id="451" depart="4776.83" from="8111" to="10389" fromTaz="10" toTaz="03" departLane="free" departSpeed="max"/>
    <trip id="58" depart="4784.71" from="10342.0" to="10394" fromTaz="01" toTaz="02" departLane="free" departSpeed="max"/>
    <trip id="426" depart="4788.37" from="8111" to="10389" fromTaz="10" toTaz="03" departLane="free" departSpeed="max"/>
    <trip id="477" depart="4798.43" from="8111" to="10389" fromTaz="10" toTaz="03" departLane="free" departSpeed="max"/>
    <trip id="637" depart="4806.22" from="8111" to="10389" fromTaz="10" toTaz="03" departLane="free" departSpeed="max"/>
    <trip id="702" depart="4812.76" from="1153" to="10410" fromTaz="12" toTaz="01" departLane="free" departSpeed="max"/>
    <trip id="609" depart="4812.98" from="8111" to="10389" fromTaz="10" toTaz="03" departLane="free" departSpeed="max"/>
    <trip id="189" depart="4815.75" from="11597" to="10389" fromTaz="06" toTaz="03" departLane="free" departSpeed="max"/>
    <trip id="687" depart="4817.40" from="5349" to="10394" fromTaz="11" toTaz="02" departLane="free" departSpeed="max"/>
    <trip id="620" depart="4823.75" from="8111" to="10389" fromTaz="10" toTaz="03" departLane="free" departSpeed="max"/>
    <trip id="474" depart="4825.03" from="8111" to="10389" fromTaz="10" toTaz="03" departLane="free" departSpeed="max"/>
    <trip id="691" depart="4829.74" from="5349" to="-7573" fromTaz="11" toTaz="12" departLane="free" departSpeed="max"/>
    <trip id="149" depart="4838.62" from="12405" to="6659" fromTaz="04" toTaz="10" departLane="free" departSpeed="max"/>
    <trip id="62" depart="4838.90" from="10342.0" to="10394" fromTaz="01" toTaz="02" departLane="free" departSpeed="max"/>
    <trip id="165" depart="4842.28" from="12004" to="12396" fromTaz="05" toTaz="04" departLane="free" departSpeed="max"/>
    <trip id="65" depart="4856.12" from="10423" to="10394" fromTaz="01" toTaz="02" departLane="free" departSpeed="max"/>
    <trip id="262" depart="4856.57" from="7760" to="7803" fromTaz="08" toTaz="09" departLane="free" departSpeed="max"/>
    <trip id="89" depart="4866.86" from="10423" to="8031" fromTaz="01" toTaz="10" departLane="free" departSpeed="max"/>
    <trip id="295" depart="4867.24" from="6483" to="6659" fromTaz="09" toTaz="10" departLane="free" departSpeed="max"/>
    <trip id="466" depart="4874.04" from="8111" to="10389" fromTaz="10" toTaz="03" departLane="free" departSpeed="max"/>
    <trip id="150" depart="4875.70" from="12405" to="6515" fromTaz="04" toTaz="11" departLane="free" departSpeed="max"/>
    <trip id="644" depart="4875.86" from="8111" to="12396" fromTaz="10" toTaz="04" departLane="free" departSpeed="max"/>
    <trip id="52" depart="4882.40" from="10423" to="10394" fromTaz="01" toTaz="02" departLane="free" departSpeed="max"/>
    <trip id="71" depart="4884.46" from="10342.0" to="12093" fromTaz="01" toTaz="05" departLane="free" departSpeed="max"/>
    <trip id="97" depart="4887.14" from="6522" to="7359" fromTaz="03" toTaz="00" departLane="free" departSpeed="max"/>
    <trip id="523" depart="4896.91" from="8111" to="10389" fromTaz="10" toTaz="03" departLane="free" departSpeed="max"/>
    <trip id="220" depart="4898.74" from="12527" to="10410" fromTaz="07" toTaz="01" departLane="free" departSpeed="max"/>
    <trip id="34" depart="4902.21" from="7617" to="11548" fromTaz="00" toTaz="06" departLane="free" departSpeed="max"/>
    <trip id="438" depart="4905.07" from="8111" to="10389" fromTaz="10" toTaz="03" departLane="free" departSpeed="max"/>
    <trip id="83" depart="4912.47" from="10342.0" to="7677" fromTaz="01" toTaz="07" departLane="free" departSpeed="max"/>
    <trip id="222" depart="4912.62" from="12527" to="10394" fromTaz="07" toTaz="02" departLane="free" departSpeed="max"/>
    <trip id="532" depart="4920.37" from="8111" to="10389" fromTaz="10" toTaz="03" departLane="free" departSpeed="max"/>
    <trip id="135" depart="4932.47" from="12405" to="10389" fromTaz="04" toTaz="03" departLane="free" departSpeed="max"/>
    <trip id="428" depart="4932.86" from="8111" to="10389" fromTaz="10" toTaz="03" departLane="free" departSpeed="max"/>
    <trip id="299" depart="4935.69" from="6483" to="6515" fromTaz="09" toTaz="11" departLane="free" departSpeed="max"/>
    <trip id="72" depart="4938.12" from="10342.0" to="12093" fromTaz="01" toTaz="05" departLane="free" departSpeed="max"/>
    <trip id="458" depart="4949.58" from="8111" to="10389" fromTaz="10" toTaz="03" departLane="free" departSpeed="max"/>
    <trip id="575" depart="4958.24" from="8111" to="10389" fromTaz="10" toTaz="03" departLane="free" departSpeed="max"/>
    <trip id="489" depart="4971.01" from="8111" to="10389" fromTaz="10" toTaz="03" departLane="free" departSpeed="max"/>
    <trip id="13" depart="4972.68" from="7617" to="10389" fromTaz="00" toTaz="03" departLane="free" departSpeed="max"/>
    <trip id="480" depart="4978.16" from="8111" to="10389" fromTaz="10" toTaz="03" departLane="free" departSpeed="max"/>
    <trip id="168" depart="4982.60" from="12004" to="7765" fromTaz="05" toTaz="08" departLane="free" departSpeed="max"/>
    <trip id="273" depart="4994.65" from="6483" to="7359" fromTaz="09" toTaz="00" departLane="free" departSpeed="max"/>
    <trip id="230" depart="4996.20" from="12527" to="12093" fromTaz="07" toTaz="05" departLane="free" departSpeed="max"/>
    <trip id="216" depart="4996.33" from="12527" to="7359" fromTaz="07" toTaz="00" departLane="free" departSpeed="max"/>
    <trip id="392" depart="5006.14" from="8112" to="10389" fromTaz="10" toTaz="03" departLane="free" departSpeed="max"/>
    <trip id="568" depart="5016.74" from="8111" to="10389" fromTaz="10" toTaz="03" departLane="free" departSpeed="max"/>
    <trip id="589" depart="5023.01" from="8111" to="10389" fromTaz="10" toTaz="03" departLane="free" departSpeed="max"/>
    <trip id="225" depart="5027.32" from="12527" to="10394" fromTaz="07" toTaz="02" departLane="free" departSpeed="max"/>
    <trip id="87" depart="5031.43" from="10423" to="7803" fromTaz="01" toTaz="09" departLane="free" departSpeed="max"/>
    <trip id="698" depart="5036.70" from="1153" to="10410" fromTaz="12" toTaz="01" departLane="free" departSpeed="max"/>
    <trip id="553" depart="5038.27" from="8111" to="10389" fromTaz="10" toTaz="03" departLane="free" departSpeed="max"/>
    <trip id="647" depart="5044.64" from="8112" to="6515" fromTaz="10" toTaz="11" departLane="free" departSpeed="max"/>
    <trip id="154" depart="5046.36" from="12405" to="1286" fromTaz="04" toTaz="13" departLane="free" departSpeed="max"/>
    <trip id="41" depart="5048.42" from="7618" to="7677" fromTaz="00" toTaz="07" departLane="free" departSpeed="max"/>
    <trip id="522" depart="5055.25" from="8111" to="10389" fromTaz="10" toTaz="03" departLane="free" departSpeed="max"/>
    <trip id="401" depart="5065.76" from="8111" to="10389" fromTaz="10" toTaz="03" departLane="free" departSpeed="max"/>
    <trip id="328" depart="5073.07" from="8111" to="7359" fromTaz="10" toTaz="00" departLane="free" departSpeed="max"/>
    <trip id="696" depart="5074.99" from="1153" to="7359" fromTaz="12" toTaz="00" departLane="free" departSpeed="max"/>
    <trip id="304" depart="5076.93" from="6483" to="6515" fromTaz="09" toTaz="11" departLane="free" departSpeed="max"/>
    <trip id="445" depart="5079.68" from="8111" to="10389" fromTaz="10" toTaz="03" departLane="free" departSpeed="max"/>
    <trip id="251" depart="5098.84" from="7760" to="10410" fromTaz="08" toTaz="01" departLane="free" departSpeed="max"/>
    <trip id="488" depart="5099.89" from="8111" to="10389" fromTaz="10" toTaz="03" departLane="free" departSpeed="max"/>
    <trip id="579" depart="5103.46" from="8111" to="10389" fromTaz="10" toTaz="03" departLane="free" departSpeed="max"/>
    <trip id="566" depart="5109.49" from="8111" to="10389" fromTaz="10" toTaz="03" departLane="free" departSpeed="max"/>
    <trip id="82" depart="5112.79" from="10342.0" to="7677" fromTaz="01" toTaz="07" departLane="free" departSpeed="max"/>
    <trip id="236" depart="5114.14" from="12527" to="8031" fromTaz="07" toTaz="10" departLane="free" departSpeed="max"/>
    <trip id="321" depart="5123.81" from="8111" to="7359" fromTaz="10" toTaz="00" departLane="free" departSpeed="max"/>
    <trip id="581" depart="5131.08" from="8111" to="10389" fromTaz="10" toTaz="03" departLane="free" departSpeed="max"/>
    <trip id="518" depart="5151.54" from="8111" to="10389" fromTaz="10" toTaz="03" departLane="free" departSpeed="max"/>
    <trip id="452" depart="5151.93" from="8111" to="10389" fromTaz="10" toTaz="03" departLane="free" departSpeed="max"/>
    <trip id="486" depart="5155.06" from="8111" to="10389" fromTaz="10" toTaz="03" departLane="free" departSpeed="max"/>
    <trip id="173" depart="5178.35" from="12004" to="8031" fromTaz="05" toTaz="10" departLane="free" departSpeed="max"/>
    <trip id="8" depart="5180.77" from="7617" to="10394" fromTaz="00" toTaz="02" departLane="free" departSpeed="max"/>
    <trip id="572" depart="5183.10" from="8111" to="10389" fromTaz="10" toTaz="03" departLane="free" departSpeed="max"/>
    <trip id="313" depart="5183.90" from="6483" to="1286" fromTaz="09" toTaz="13" departLane="free" departSpeed="max"/>
    <trip id="233" depart="5188.74" from="12527" to="7533" fromTaz="07" toTaz="09" departLane="free" departSpeed="max"/>
    <trip id="562" depart="5195.76" from="8111" to="10389" fromTaz="10" toTaz="03" departLane="free" departSpeed="max"/>
    <trip id="250" depart="5197.79" from="7760" to="7359" fromTaz="08" toTaz="00" departLane="free" departSpeed="max"/>
    <trip id="214" depart="5198.65" from="12527" to="7359" fromTaz="07" toTaz="00" departLane="free" departSpeed="max"/>
    <trip id="93" depart="5199.53" from="10342.0" to="-7573" fromTaz="01" toTaz="12" departLane="free" departSpeed="max"/>
    <trip id="542" depart="5202.84" from="8111" to="10389" fromTaz="10" toTaz="03" departLane="free" departSpeed="max"/>
    <trip id="545" depart="5204.23" from="8111" to="10389" fromTaz="10" toTaz="03" departLane="free" departSpeed="max"/>
    <trip id="389" depart="5209.27" from="8111" to="10389" fromTaz="10" toTaz="03" departLane="free" departSpeed="max"/>
    <trip id="147" depart="5209.33" from="12405" to="7533" fromTaz="04" toTaz="09" departLane="free" departSpeed="max"/>
    <trip id="385" depart="5214.82" from="8111" to="10389" fromTaz="10" toTaz="03" departLane="free" departSpeed="max"/>
    <trip id="657" depart="5230.26" from="8111" to="6515" fromTaz="10" toTaz="11" departLane="free" departSpeed="max"/>
    <trip id="365" depart="5230.65" from="8111" to="10389" fromTaz="10" toTaz="03" departLane="free" departSpeed="max"/>
    <trip id="423" depart="5241.62" from="8111" to="10389" fromTaz="10" toTaz="03" departLane="free" departSpeed="max"/>
    <trip id="21" depart="5251.42" from="7617" to="10389" fromTaz="00" toTaz="03" departLane="free" departSpeed="max"/>
    <trip id="191" depart="5252.57" from="11597" to="10389" fromTaz="06" toTaz="03" departLane="free" departSpeed="max"/>
    <trip id="674" depart="5252.93" from="5349" to="7359" fromTaz="11" toTaz="00" departLane="free" departSpeed="max"/>
    <trip id="265" depart="5255.17" from="7760" to="-7573" fromTaz="08" toTaz="12" departLane="free" departSpeed="max"/>
    <trip id="178" depart="5282.30" from="12004" to="-7573" fromTaz="05" toTaz="12" departLane="free" departSpeed="max"/>
    <trip id="370" depart="5289.25" from="8111" to="10389" fromTaz="10" toTaz="03" departLane="free" departSpeed="max"/>
    <trip id="264" depart="5304.03" from="7760" to="-7573" fromTaz="08" toTaz="12" departLane="free" departSpeed="max"/>
    <trip id="94" depart="5308.58" from="10342.0" to="-7573" fromTaz="01" toTaz="12" departLane="free" departSpeed="max"/>
    <trip id="420" depart="5312.64" from="8111" to="10389" fromTaz="10" toTaz="03" departLane="free" departSpeed="max"/>
    <trip id="604" depart="5315.72" from="8111" to="10389" fromTaz="10" toTaz="03" departLane="free" departSpeed="max"/>
    <trip id="583" depart="5317.62" from="8111" to="10389" fromTaz="10" toTaz="03" departLane="free" departSpeed="max"/>
    <trip id="695" depart="5325.86" from="5349" to="1286" fromTaz="11" toTaz="13" departLane="free" departSpeed="max"/>
    <trip id="421" depart="5327.07" from="8111" to="10389" fromTaz="10" toTaz="03" departLane="free" departSpeed="max"/>
    <trip id="507" depart="5333.59" from="8111" to="10389" fromTaz="10" toTaz="03" departLane="free" departSpeed="max"/>
    <trip id="268" depart="5334.61" from="7760" to="1286" fromTaz="08" toTaz="13" departLane="free" departSpeed="max"/>
    <trip id="164" depart="5339.14" from="12004" to="12396" fromTaz="05" toTaz="04" departLane="free" departSpeed="max"/>
    <trip id="218" depart="5339.26" from="12527" to="10410" fromTaz="07" toTaz="01" departLane="free" departSpeed="max"/>
    <trip id="54" depart="5346.56" from="10342.0" to="10394" fromTaz="01" toTaz="02" departLane="free" departSpeed="max"/>
    <trip id="275" depart="5362.21" from="6483" to="7359" fromTaz="09" toTaz="00" departLane="free" departSpeed="max"/>
    <trip id="503" depart="5373.92" from="8111" to="10389" fromTaz="10" toTaz="03" departLane="free" departSpeed="max"/>
    <trip id="208" depart="5375.13" from="11597" to="1286" fromTaz="06" toTaz="13" departLane="free" departSpeed="max"/>
    <trip id="307" depart="5382.15" from="6483" to="6515" fromTaz="09" toTaz="11" departLane="free" departSpeed="max"/>
    <trip id="416" depart="5406.06" from="8111" to="10389" fromTaz="10" toTaz="03" departLane="free" departSpeed="max"/>
    <trip id="213" depart="5412.21" from="12527" to="7359" fromTaz="07" toTaz="00" departLane="free" departSpeed="max"/>
    <trip id="330" depart="5416.96" from="8111" to="7359" fromTaz="10" toTaz="00" departLane="free" departSpeed="max"/>
    <trip id="6" depart="5417.33" from="7617" to="10394" fromTaz="00" toTaz="02" departLane="free" departSpeed="max"/>
    <trip id="46" depart="5422.07" from="7618" to="7677" fromTaz="00" toTaz="07" departLane="free" departSpeed="max"/>
    <trip id="602" depart="5422.22" from="8111" to="10389" fromTaz="10" toTaz="03" departLane="free" departSpeed="max"/>
    <trip id="102" depart="5424.13" from="6522" to="10389" fromTaz="03" toTaz="03" departLane="free" departSpeed="max"/>
    <trip id="324" depart="5436.13" from="8111" to="7359" fromTaz="10" toTaz="00" departLane="free" departSpeed="max"/>
    <trip id="422" depart="5440.44" from="8111" to="10389" fromTaz="10" toTaz="03" departLane="free" departSpeed="max"/>
    <trip id="2" depart="5447.70" from="7617" to="10394" fromTaz="00" toTaz="02" departLane="free" departSpeed="max"/>
    <trip id="17" depart="5448.48" from="7618" to="10389" fromTaz="00" toTaz="03" departLane="free" departSpeed="max"/>
    <trip id="111" depart="5451.07" from="6522" to="8031" fromTaz="03" toTaz="10" departLane="free" departSpeed="max"/>
    <trip id="169" depart="5464.68" from="12004" to="7765" fromTaz="05" toTaz="08" departLane="free" departSpeed="max"/>
    <trip id="505" depart="5470.69" from="8111" to="10389" fromTaz="10" toTaz="03" departLane="free" departSpeed="max"/>
    <trip id="530" depart="5473.22" from="8111" to="10389" fromTaz="10" toTaz="03" departLane="free" departSpeed="max"/>
    <trip id="672" depart="5475.22" from="5349" to="7359" fromTaz="11" toTaz="00" departLane="free" departSpeed="max"/>
    <trip id="614" depart="5486.14" from="8111" to="10389" fromTaz="10" toTaz="03" departLane="free" departSpeed="max"/>
    <trip id="80" depart="5489.34" from="10423" to="7677" fromTaz="01" toTaz="07" departLane="free" departSpeed="max"/>
    <trip id="655" depart="5491.03" from="8111" to="6515" fromTaz="10" toTaz="11" departLane="free" departSpeed="max"/>
    <trip id="481" depart="5502.63" from="8111" to="10389" fromTaz="10" toTaz="03" departLane="free" departSpeed="max"/>
    <trip id="171" depart="5509.02" from="12004" to="7803" fromTaz="05" toTaz="09" departLane="free" departSpeed="max"/>
    <trip id="654" depart="5510.50" from="8111" to="6515" fromTaz="10" toTaz="11" departLane="free" departSpeed="max"/>
    <trip id="85" depart="5510.64" from="10423" to="7765" fromTaz="01" toTaz="08" departLane="free" departSpeed="max"/>
    <trip id="227" depart="5518.15" from="12527" to="10389" fromTaz="07" toTaz="03" departLane="free" departSpeed="max"/>
    <trip id="355" depart="5518.33" from="8111" to="10394" fromTaz="10" toTaz="02" departLane="free" departSpeed="max"/>
    <trip id="417" depart="5523.50" from="8112" to="10389" fromTaz="10" toTaz="03" departLane="free" departSpeed="max"/>
    <trip id="114" depart="5532.75" from="6522" to="6515" fromTaz="03" toTaz="11" departLane="free" departSpeed="max"/>
    <trip id="24" depart="5543.63" from="7617" to="10389" fromTaz="00" toTaz="03" departLane="free" departSpeed="max"/>
    <trip id="366" depart="5544.09" from="8111" to="10389" fromTaz="10" toTaz="03" departLane="free" departSpeed="max"/>
    <trip id="577" depart="5547.37" from="8111" to="10389" fromTaz="10" toTaz="03" departLane="free" departSpeed="max"/>
    <trip id="544" depart="5572.25" from="8111" to="10389" fromTaz="10" toTaz="03" departLane="free" departSpeed="max"/>
    <trip id="509" depart="5583.08" from="8111" to="10389" fromTaz="10" toTaz="03" departLane="free" departSpeed="max"/>
    <trip id="53" depart="5584.70" from="10342.0" to="10394" fromTaz="01" toTaz="02" departLane="free" departSpeed="max"/>
    <trip id="573" depart="5585.93" from="8111" to="10389" fromTaz="10" toTaz="03" departLane="free" departSpeed="max"/>
    <trip id="665" depart="5604.99" from="5349" to="7359" fromTaz="11" toTaz="00" departLane="free" departSpeed="max"/>
    <trip id="158" depart="5606.33" from="12004" to="7359" fromTaz="05" toTaz="00" departLane="free" departSpeed="max"/>
    <trip id="127" depart="5612.06" from="12405" to="10410" fromTaz="04" toTaz="01" departLane="free" departSpeed="max"/>
    <trip id="235" depart="5612.91" from="12527" to="7533" fromTaz="07" toTaz="09" departLane="free" departSpeed="max"/>
    <trip id="11" depart="5615.92" from="7617" to="10389" fromTaz="00" toTaz="03" departLane="free" departSpeed="max"/>
    <trip id="632" depart="5619.88" from="8111" to="10389" fromTaz="10" toTaz="03" departLane="free" departSpeed="max"/>
    <trip id="444" depart="5622.25" from="8111" to="10389" fromTaz="10" toTaz="03" departLane="free" departSpeed="max"/>
    <trip id="586" depart="5638.72" from="8111" to="10389" fromTaz="10" toTaz="03" departLane="free" departSpeed="max"/>
    <trip id="541" depart="5648.98" from="8111" to="10389" fromTaz="10" toTaz="03" departLane="free" departSpeed="max"/>
    <trip id="319" depart="5682.71" from="8111" to="7359" fromTaz="10" toTaz="00" departLane="free" departSpeed="max"/>
    <trip id="77" depart="5685.47" from="10342.0" to="11548" fromTaz="01" toTaz="06" departLane="free" departSpeed="max"/>
    <trip id="43" depart="5692.86" from="7618" to="7677" fromTaz="00" toTaz="07" departLane="free" departSpeed="max"/>
    <trip id="194" depart="5697.14" from="11597" to="12396" fromTaz="06" toTaz="04" departLane="free" departSpeed="max"/>
    <trip id="78" depart="5701.00" from="10342.0" to="7677" fromTaz="01" toTaz="07" departLane="free" departSpeed="max"/>
    <trip id="399" depart="5708.20" from="8111" to="10389" fromTaz="10" toTaz="03" departLane="free" departSpeed="max"/>
    <trip id="344" depart="5710.01" from="8111" to="10410" fromTaz="10" toTaz="01" departLane="free" departSpeed="max"/>
    <trip id="29" depart="5716.75" from="7617" to="11548" fromTaz="00" toTaz="06" departLane="free" departSpeed="max"/>
    <trip id="543" depart="5728.59" from="8111" to="10389" fromTaz="10" toTaz="03" departLane="free" departSpeed="max"/>
    <trip id="699" depart="5733.29" from="1153" to="10410" fromTaz="12" toTaz="01" departLane="free" departSpeed="max"/>
    <trip id="276" depart="5734.26" from="6483" to="7359" fromTaz="09" toTaz="00" departLane="free" departSpeed="max"/>
    <trip id="187" depart="5734.27" from="11597" to="10394" fromTaz="06" toTaz="02" departLane="free" departSpeed="max"/>
    <trip id="356" depart="5738.19" from="8111" to="10394" fromTaz="10" toTaz="02" departLane="free" departSpeed="max"/>
    <trip id="642" depart="5739.49" from="8111" to="10389" fromTaz="10" toTaz="03" departLane="free" departSpeed="max"/>
    <trip id="598" depart="5739.72" from="8111" to="10389" fromTaz="10" toTaz="03" departLane="free" departSpeed="max"/>
    <trip id="576" depart="5740.08" from="8111" to="10389" fromTaz="10" toTaz="03" departLane="free" departSpeed="max"/>
    <trip id="676" depart="5745.22" from="5349" to="7359" fromTaz="11" toTaz="00" departLane="free" departSpeed="max"/>
    <trip id="351" depart="5745.47" from="8111" to="10394" fromTaz="10" toTaz="02" departLane="free" departSpeed="max"/>
    <trip id="257" depart="5750.38" from="7760" to="10389" fromTaz="08" toTaz="03" departLane="free" departSpeed="max"/>
    <trip id="592" depart="5755.37" from="8111" to="10389" fromTaz="10" toTaz="03" departLane="free" departSpeed="max"/>
    <trip id="482" depart="5755.81" from="8111" to="10389" fromTaz="10" toTaz="03" departLane="free" departSpeed="max"/>
    <trip id="629" depart="5758.27" from="8111" to="10389" fromTaz="10" toTaz="03" departLane="free" departSpeed="max"/>
    <trip id="33" depart="5769.75" from="7617" to="11548" fromTaz="00" toTaz="06" departLane="free" departSpeed="max"/>
    <trip id="340" depart="5782.08" from="8111" to="7359" fromTaz="10" toTaz="00" departLane="free" departSpeed="max"/>
    <trip id="253" depart="5785.60" from="7760" to="10410" fromTaz="08" toTaz="01" departLane="free" departSpeed="max"/>
    <trip id="582" depart="5787.55" from="8111" to="10389" fromTaz="10" toTaz="03" departLane="free" departSpeed="max"/>
    <trip id="197" depart="5787.63" from="11597" to="7765" fromTaz="06" toTaz="08" departLane="free" departSpeed="max"/>
    <trip id="591" depart="5794.08" from="8111" to="10389" fromTaz="10" toTaz="03" departLane="free" departSpeed="max"/>
    <trip id="185" depart="5795.42" from="11597" to="10410" fromTaz="06" toTaz="01" departLane="free" departSpeed="max"/>
    <trip id="210" depart="5812.82" from="12527" to="7359" fromTaz="07" toTaz="00" departLane="free" departSpeed="max"/>
    <trip id="181" depart="5813.72" from="11597" to="7359" fromTaz="06" toTaz="00" departLane="free" departSpeed="max"/>
    <trip id="594" depart="5818.20" from="8111" to="10389" fromTaz="10" toTaz="03" departLane="free" departSpeed="max"/>
    <trip id="491" depart="5820.02" from="8111" to="10389" fromTaz="10" toTaz="03" departLane="free" departSpeed="max"/>
    <trip id="527" depart="5829.89" from="8111" to="10389" fromTaz="10" toTaz="03" departLane="free" departSpeed="max"/>
    <trip id="450" depart="5833.68" from="8111" to="10389" fromTaz="10" toTaz="03" departLane="free" departSpeed="max"/>
    <trip id="19" depart="5839.54" from="7617" to="10389" fromTaz="00" toTaz="03" departLane="free" departSpeed="max"/>
    <trip id="68" depart="5840.10" from="10342.0" to="12396" fromTaz="01" toTaz="04" departLane="free" departSpeed="max"/>
    <trip id="15" depart="5848.33" from="7617" to="10389" fromTaz="00" toTaz="03" departLane="free" departSpeed="max"/>
    <trip id="56" depart="5852.80" from="10342.0" to="10394" fromTaz="01" toTaz="02" departLane="free" departSpeed="max"/>
    <trip id="274" depart="5853.48" from="6483" to="7359" fromTaz="09" toTaz="00" departLane="free" departSpeed="max"/>
    <trip id="634" depart="5854.44" from="8111" to="10389" fromTaz="10" toTaz="03" departLane="free" departSpeed="max"/>
    <trip id="10" depart="5859.21" from="7617" to="10389" fromTaz="00" toTaz="03" departLane="free" departSpeed="max"/>
    <trip id="37" depart="5864.40" from="7618" to="11548" fromTaz="00" toTaz="06" departLane="free" departSpeed="max"/>
    <trip id="95" depart="5868.96" from="10423" to="1286" fromTaz="01" toTaz="13" departLane="free" departSpeed="max"/>
    <trip id="454" depart="5870.23" from="8111" to="10389" fromTaz="10" toTaz="03" departLane="free" departSpeed="max"/>
    <trip id="448" depart="5875.68" from="8111" to="10389" fromTaz="10" toTaz="03" departLane="free" departSpeed="max"/>
    <trip id="36" depart="5876.89" from="7617" to="11548" fromTaz="00" toTaz="06" departLane="free" departSpeed="max"/>
    <trip id="223" depart="5877.14" from="12527" to="10394" fromTaz="07" toTaz="02" departLane="free" departSpeed="max"/>
    <trip id="35" depart="5879.74" from="7618" to="11548" fromTaz="00" toTaz="06" departLane="free" departSpeed="max"/>
    <trip id="329" depart="5885.33" from="8111" to="7359" fromTaz="10" toTaz="00" departLane="free" departSpeed="max"/>
    <trip id="335" depart="5898.14" from="8111" to="7359" fromTaz="10" toTaz="00" departLane="free" departSpeed="max"/>
    <trip id="146" depart="5911.62" from="12405" to="7533" fromTaz="04" toTaz="09" departLane="free" departSpeed="max"/>
    <trip id="28" depart="5913.27" from="7617" to="11548" fromTaz="00" toTaz="06" departLane="free" departSpeed="max"/>
    <trip id="692" depart="5923.80" from="5349" to="-7573" fromTaz="11" toTaz="12" departLane="free" departSpeed="max"/>
    <trip id="362" depart="5930.95" from="8111" to="10389" fromTaz="10" toTaz="03" departLane="free" departSpeed="max"/>
    <trip id="624" depart="5931.11" from="8111" to="10389" fromTaz="10" toTaz="03" departLane="free" departSpeed="max"/>
    <trip id="61" depart="5941.13" from="10423" to="10394" fromTaz="01" toTaz="02" departLane="free" departSpeed="max"/>
    <trip id="406" depart="5944.55" from="8111" to="10389" fromTaz="10" toTaz="03" departLane="free" departSpeed="max"/>
    <trip id="359" depart="5954.69" from="8112" to="10389" fromTaz="10" toTaz="03" departLane="free" departSpeed="max"/>
    <trip id="40" depart="5959.25" from="7617" to="11548" fromTaz="00" toTaz="06" departLane="free" departSpeed="max"/>
    <trip id="584" depart="5959.83" from="8111" to="10389" fromTaz="10" toTaz="03" departLane="free" departSpeed="max"/>
    <trip id="661" depart="5962.67" from="8111" to="-7573" fromTaz="10" toTaz="12" departLane="free" departSpeed="max"/>
    <trip id="457" depart="5963.53" from="8111" to="10389" fromTaz="10" toTaz="03" departLane="free" departSpeed="max"/>
    <trip id="683" depart="5966.19" from="5349" to="7359" fromTaz="11" toTaz="00" departLane="free" departSpeed="max"/>
    <trip id="243" depart="5968.91" from="12527" to="-7573" fromTaz="07" toTaz="12" departLane="free" departSpeed="max"/>
    <trip id="311" depart="5972.76" from="6483" to="-7573" fromTaz="09" toTaz="12" departLane="free" departSpeed="max"/>
    <trip id="215" depart="5986.31" from="12527" to="7359" fromTaz="07" toTaz="00" departLane="free" departSpeed="max"/>
    <trip id="327" depart="5986.33" from="8111" to="7359" fromTaz="10" toTaz="00" departLane="free" departSpeed="max"/>
    <trip id="574" depart="5998.84" from="8111" to="10389" fromTaz="10" toTaz="03" departLane="free" departSpeed="max"/>
    <trip id="363" depart="6002.41" from="8111" to="10389" fromTaz="10" toTaz="03" departLane="free" departSpeed="max"/>
    <trip id="242" depart="6003.47" from="12527" to="6515" fromTaz="07" toTaz="11" departLane="free" departSpeed="max"/>
    <trip id="418" depart="6008.39" from="8111" to="10389" fromTaz="10" toTaz="03" departLane="free" departSpeed="max"/>
    <trip id="673" depart="6012.29" from="5349" to="7359" fromTaz="11" toTaz="00" departLane="free" departSpeed="max"/>
    <trip id="391" depart="6017.87" from="8111" to="10389" fromTaz="10" toTaz="03" departLane="free" departSpeed="max"/>
    <trip id="248" depart="6018.54" from="12527" to="1286" fromTaz="07" toTaz="13" departLane="free" departSpeed="max"/>
    <trip id="201" depart="6020.13" from="11597" to="6515" fromTaz="06" toTaz="11" departLane="free" departSpeed="max"/>
    <trip id="199" depart="6021.21" from="11597" to="6659" fromTaz="06" toTaz="10" departLane="free" departSpeed="max"/>
    <trip id="152" depart="6031.05" from="12405" to="-7573" fromTaz="04" toTaz="12" departLane="free" departSpeed="max"/>
    <trip id="290" depart="6031.34" from="6483" to="7677" fromTaz="09" toTaz="07" departLane="free" departSpeed="max"/>
    <trip id="117" depart="6031.38" from="6522" to="6515" fromTaz="03" toTaz="11" departLane="free" departSpeed="max"/>
    <trip id="20" depart="6036.32" from="7617" to="10389" fromTaz="00" toTaz="03" departLane="free" departSpeed="max"/>
    <trip id="74" depart="6040.80" from="10342.0" to="11548" fromTaz="01" toTaz="06" departLane="free" departSpeed="max"/>
    <trip id="148" depart="6042.46" from="12405" to="8031" fromTaz="04" toTaz="10" departLane="free" departSpeed="max"/>
    <trip id="63" depart="6042.60" from="10342.0" to="10394" fromTaz="01" toTaz="02" departLane="free" departSpeed="max"/>
    <trip id="534" depart="6049.42" from="8111" to="10389" fromTaz="10" toTaz="03" departLane="free" departSpeed="max"/>
    <trip id="531" depart="6053.14" from="8111" to="10389" fromTaz="10" toTaz="03" departLane="free" departSpeed="max"/>
    <trip id="697" depart="6054.11" from="1153" to="7359" fromTaz="12" toTaz="00" departLane="free" departSpeed="max"/>
    <trip id="271" depart="6069.99" from="6483" to="7359" fromTaz="09" toTaz="00" departLane="free" departSpeed="max"/>
    <trip id="540" depart="6076.37" from="8111" to="10389" fromTaz="10" toTaz="03" departLane="free" departSpeed="max"/>
    <trip id="429" depart="6085.71" from="8111" to="10389" fromTaz="10" toTaz="03" departLane="free" departSpeed="max"/>
    <trip id="0" depart="6088.08" from="7617" to="10394" fromTaz="00" toTaz="02" departLane="free" departSpeed="max"/>
    <trip id="590" depart="6094.37" from="8111" to="10389" fromTaz="10" toTaz="03" departLane="free" departSpeed="max"/>
    <trip id="296" depart="6097.68" from="6483" to="8031" fromTaz="09" toTaz="10" departLane="free" departSpeed="max"/>
    <trip id="177" depart="6105.82" from="12004" to="-7573" fromTaz="05" toTaz="12" departLane="free" departSpeed="max"/>
    <trip id="490" depart="6113.38" from="8111" to="10389" fromTaz="10" toTaz="03" departLane="free" departSpeed="max"/>
    <trip id="468" depart="6116.03" from="8111" to="10389" fromTaz="10" toTaz="03" departLane="free" departSpeed="max"/>
    <trip id="217" depart="6127.56" from="12527" to="10410" fromTaz="07" toTaz="01" departLane="free" departSpeed="max"/>
    <trip id="206" depart="6140.64" from="11597" to="-7573" fromTaz="06" toTaz="12" departLane="free" departSpeed="max"/>
    <trip id="272" depart="6141.66" from="6483" to="7359" fromTaz="09" toTaz="00" departLane="free" departSpeed="max"/>
    <trip id="414" depart="6147.60" from="8111" to="10389" fromTaz="10" toTaz="03" departLane="free" departSpeed="max"/>
    <trip id="407" depart="6155.69" from="8111" to="10389" fromTaz="10" toTaz="03" departLane="free" departSpeed="max"/>
    <trip id="383" depart="6160.31" from="8111" to="10389" fromTaz="10" toTaz="03" departLane="free" departSpeed="max"/>
    <trip id="528" depart="6163.78" from="8111" to="10389" fromTaz="10" toTaz="03" departLane="free" departSpeed="max"/>
    <trip id="140" depart="6173.06" from="12405" to="7677" fromTaz="04" toTaz="07" departLane="free" departSpeed="max"/>
    <trip id="60" depart="6173.19" from="10423" to="10394" fromTaz="01" toTaz="02" departLane="free" departSpeed="max"/>
    <trip id="410" depart="6175.26" from="8111" to="10389" fromTaz="10" toTaz="03" departLane="free" departSpeed="max"/>
    <trip id="409" depart="6179.81" from="8112" to="10389" fromTaz="10" toTaz="03" departLane="free" departSpeed="max"/>
    <trip id="309" depart="6183.69" from="6483" to="6515" fromTaz="09" toTaz="11" departLane="free" departSpeed="max"/>
    <trip id="131" depart="6184.32" from="12405" to="10394" fromTaz="04" toTaz="02" departLane="free" departSpeed="max"/>
    <trip id="284" depart="6192.89" from="6483" to="7359" fromTaz="09" toTaz="00" departLane="free" departSpeed="max"/>
    <trip id="689" depart="6198.75" from="5349" to="10389" fromTaz="11" toTaz="03" departLane="free" departSpeed="max"/>
    <trip id="462" depart="6220.57" from="8111" to="10389" fromTaz="10" toTaz="03" departLane="free" departSpeed="max"/>
    <trip id="597" depart="6224.55" from="8111" to="10389" fromTaz="10" toTaz="03" departLane="free" departSpeed="max"/>
    <trip id="520" depart="6228.96" from="8111" to="10389" fromTaz="10" toTaz="03" departLane="free" departSpeed="max"/>
    <trip id="134" depart="6229.70" from="12405" to="10389" fromTaz="04" toTaz="03" departLane="free" departSpeed="max"/>
    <trip id="387" depart="6234.01" from="8111" to="10389" fromTaz="10" toTaz="03" departLane="free" departSpeed="max"/>
    <trip id="192" depart="6234.72" from="11597" to="12396" fromTaz="06" toTaz="04" departLane="free" departSpeed="max"/>
    <trip id="143" depart="6246.68" from="12405" to="7533" fromTaz="04" toTaz="09" departLane="free" departSpeed="max"/>
    <trip id="701" depart="6253.66" from="1153" to="10410" fromTaz="12" toTaz="01" departLane="free" departSpeed="max"/>
    <trip id="156" depart="6256.31" from="12405" to="1286" fromTaz="04" toTaz="13" departLane="free" departSpeed="max"/>
    <trip id="433" depart="6260.26" from="8111" to="10389" fromTaz="10" toTaz="03" departLane="free" departSpeed="max"/>
    <trip id="69" depart="6260.49" from="10342.0" to="12396" fromTaz="01" toTaz="04" departLane="free" departSpeed="max"/>
    <trip id="681" depart="6266.06" from="5349" to="7359" fromTaz="11" toTaz="00" departLane="free" departSpeed="max"/>
    <trip id="596" depart="6285.03" from="8111" to="10389" fromTaz="10" toTaz="03" departLane="free" departSpeed="max"/>
    <trip id="374" depart="6286.52" from="8111" to="10389" fromTaz="10" toTaz="03" departLane="free" departSpeed="max"/>
    <trip id="688" depart="6287.12" from="5349" to="10389" fromTaz="11" toTaz="03" departLane="free" departSpeed="max"/>
    <trip id="282" depart="6293.17" from="6483" to="7359" fromTaz="09" toTaz="00" departLane="free" departSpeed="max"/>
    <trip id="315" depart="6301.53" from="8111" to="7359" fromTaz="10" toTaz="00" departLane="free" departSpeed="max"/>
    <trip id="318" depart="6302.78" from="8111" to="7359" fromTaz="10" toTaz="00" departLane="free" departSpeed="max"/>
    <trip id="472" depart="6305.77" from="8111" to="10389" fromTaz="10" toTaz="03" departLane="free" departSpeed="max"/>
    <trip id="638" depart="6306.98" from="8111" to="10389" fromTaz="10" toTaz="03" departLane="free" departSpeed="max"/>
    <trip id="484" depart="6317.25" from="8111" to="10389" fromTaz="10" toTaz="03" departLane="free" departSpeed="max"/>
    <trip id="496" depart="6317.92" from="8111" to="10389" fromTaz="10" toTaz="03" departLane="free" departSpeed="max"/>
    <trip id="224" depart="6320.57" from="12527" to="10394" fromTaz="07" toTaz="02" departLane="free" departSpeed="max"/>
    <trip id="427" depart="6322.51" from="8111" to="10389" fromTaz="10" toTaz="03" departLane="free" departSpeed="max"/>
    <trip id="400" depart="6329.90" from="8111" to="10389" fromTaz="10" toTaz="03" departLane="free" departSpeed="max"/>
    <trip id="536" depart="6333.03" from="8111" to="10389" fromTaz="10" toTaz="03" departLane="free" departSpeed="max"/>
    <trip id="662" depart="6336.37" from="8111" to="-7573" fromTaz="10" toTaz="12" departLane="free" departSpeed="max"/>
    <trip id="499" depart="6341.08" from="8111" to="10389" fromTaz="10" toTaz="03" departLane="free" departSpeed="max"/>
    <trip id="109" depart="6355.62" from="6522" to="7765" fromTaz="03" toTaz="08" departLane="free" departSpeed="max"/>
    <trip id="396" depart="6368.20" from="8111" to="10389" fromTaz="10" toTaz="03" departLane="free" departSpeed="max"/>
    <trip id="659" depart="6368.30" from="8111" to="6515" fromTaz="10" toTaz="11" departLane="free" departSpeed="max"/>
    <trip id="204" depart="6369.21" from="11597" to="6515" fromTaz="06" toTaz="11" departLane="free" departSpeed="max"/>
    <trip id="453" depart="6394.07" from="8111" to="10389" fromTaz="10" toTaz="03" departLane="free" departSpeed="max"/>
    <trip id="680" depart="6394.55" from="5349" to="7359" fromTaz="11" toTaz="00" departLane="free" departSpeed="max"/>
    <trip id="517" depart="6404.86" from="8111" to="10389" fromTaz="10" toTaz="03" departLane="free" departSpeed="max"/>
    <trip id="49" depart="6407.46" from="7617" to="6515" fromTaz="00" toTaz="11" departLane="free" departSpeed="max"/>
    <trip id="669" depart="6427.52" from="5349" to="7359" fromTaz="11" toTaz="00" departLane="free" departSpeed="max"/>
    <trip id="436" depart="6431.69" from="8111" to="10389" fromTaz="10" toTaz="03" departLane="free" departSpeed="max"/>
    <trip id="605" depart="6437.78" from="8111" to="10389" fromTaz="10" toTaz="03" departLane="free" departSpeed="max"/>
    <trip id="465" depart="6440.90" from="8111" to="10389" fromTaz="10" toTaz="03" departLane="free" departSpeed="max"/>
    <trip id="524" depart="6444.03" from="8111" to="10389" fromTaz="10" toTaz="03" departLane="free" departSpeed="max"/>
    <trip id="281" depart="6450.68" from="6483" to="7359" fromTaz="09" toTaz="00" departLane="free" departSpeed="max"/>
    <trip id="81" depart="6451.76" from="10423" to="7677" fromTaz="01" toTaz="07" departLane="free" departSpeed="max"/>
    <trip id="67" depart="6453.62" from="10423" to="10394" fromTaz="01" toTaz="02" departLane="free" departSpeed="max"/>
    <trip id="76" depart="6463.82" from="10423" to="11548" fromTaz="01" toTaz="06" departLane="free" departSpeed="max"/>
    <trip id="183" depart="6468.27" from="11597" to="10410" fromTaz="06" toTaz="01" departLane="free" departSpeed="max"/>
    <trip id="643" depart="6468.29" from="8111" to="10389" fromTaz="10" toTaz="03" departLane="free" departSpeed="max"/>
    <trip id="525" depart="6470.01" from="8111" to="10389" fromTaz="10" toTaz="03" departLane="free" departSpeed="max"/>
    <trip id="162" depart="6477.51" from="12004" to="10394" fromTaz="05" toTaz="02" departLane="free" departSpeed="max"/>
    <trip id="184" depart="6486.10" from="11597" to="10410" fromTaz="06" toTaz="01" departLane="free" departSpeed="max"/>
    <trip id="354" depart="6496.16" from="8111" to="10394" fromTaz="10" toTaz="02" departLane="free" departSpeed="max"/>
    <trip id="432" depart="6498.37" from="8112" to="10389" fromTaz="10" toTaz="03" departLane="free" departSpeed="max"/>
    <trip id="12" depart="6501.62" from="7617" to="10389" fromTaz="00" toTaz="03" departLane="free" departSpeed="max"/>
    <trip id="508" depart="6522.48" from="8111" to="10389" fromTaz="10" toTaz="03" departLane="free" departSpeed="max"/>
    <trip id="188" depart="6523.50" from="11597" to="10389" fromTaz="06" toTaz="03" departLane="free" departSpeed="max"/>
    <trip id="585" depart="6525.72" from="8111" to="10389" fromTaz="10" toTaz="03" departLane="free" departSpeed="max"/>
    <trip id="558" depart="6526.95" from="8111" to="10389" fromTaz="10" toTaz="03" departLane="free" departSpeed="max"/>
    <trip id="278" depart="6532.15" from="6483" to="7359" fromTaz="09" toTaz="00" departLane="free" departSpeed="max"/>
    <trip id="526" depart="6538.46" from="8111" to="10389" fromTaz="10" toTaz="03" departLane="free" departSpeed="max"/>
    <trip id="360" depart="6541.90" from="8112" to="10389" fromTaz="10" toTaz="03" departLane="free" departSpeed="max"/>
    <trip id="209" depart="6545.58" from="11597" to="1286" fromTaz="06" toTaz="13" departLane="free" departSpeed="max"/>
    <trip id="4" depart="6550.16" from="7618" to="10394" fromTaz="00" toTaz="02" departLane="free" departSpeed="max"/>
    <trip id="337" depart="6551.65" from="8111" to="7359" fromTaz="10" toTaz="00" departLane="free" departSpeed="max"/>
    <trip id="483" depart="6556.56" from="8111" to="10389" fromTaz="10" toTaz="03" departLane="free" departSpeed="max"/>
    <trip id="639" depart="6566.45" from="8111" to="10389" fromTaz="10" toTaz="03" departLane="free" departSpeed="max"/>
    <trip id="649" depart="6576.61" from="8111" to="6515" fromTaz="10" toTaz="11" departLane="free" departSpeed="max"/>
    <trip id="101" depart="6580.82" from="6522" to="10389" fromTaz="03" toTaz="03" departLane="free" departSpeed="max"/>
    <trip id="357" depart="6580.85" from="8111" to="10394" fromTaz="10" toTaz="02" departLane="free" departSpeed="max"/>
    <trip id="570" depart="6584.97" from="8111" to="10389" fromTaz="10" toTaz="03" departLane="free" departSpeed="max"/>
    <trip id="129" depart="6586.29" from="12405" to="10410" fromTaz="04" toTaz="01" departLane="free" departSpeed="max"/>
    <trip id="546" depart="6591.19" from="8111" to="10389" fromTaz="10" toTaz="03" departLane="free" departSpeed="max"/>
    <trip id="239" depart="6592.52" from="12527" to="6659" fromTaz="07" toTaz="10" departLane="free" departSpeed="max"/>
    <trip id="442" depart="6598.05" from="8111" to="10389" fromTaz="10" toTaz="03" departLane="free" departSpeed="max"/>
    <trip id="510" depart="6599.09" from="8111" to="10389" fromTaz="10" toTaz="03" departLane="free" departSpeed="max"/>
    <trip id="30" depart="6601.37" from="7618" to="11548" fromTaz="00" toTaz="06" departLane="free" departSpeed="max"/>
    <trip id="103" depart="6615.75" from="6522" to="10389" fromTaz="03" toTaz="03" departLane="free" departSpeed="max"/>
    <trip id="569" depart="6621.44" from="8111" to="10389" fromTaz="10" toTaz="03" departLane="free" departSpeed="max"/>
    <trip id="419" depart="6625.03" from="8111" to="10389" fromTaz="10" toTaz="03" departLane="free" departSpeed="max"/>
    <trip id="212" depart="6630.51" from="12527" to="7359" fromTaz="07" toTaz="00" departLane="free" departSpeed="max"/>
    <trip id="308" depart="6638.75" from="6483" to="6515" fromTaz="09" toTaz="11" departLane="free" departSpeed="max"/>
    <trip id="48" depart="6647.20" from="7618" to="6515" fromTaz="00" toTaz="11" departLane="free" departSpeed="max"/>
    <trip id="138" depart="6654.41" from="12405" to="7677" fromTaz="04" toTaz="07" departLane="free" departSpeed="max"/>
    <trip id="408" depart="6660.92" from="8111" to="10389" fromTaz="10" toTaz="03" departLane="free" departSpeed="max"/>
    <trip id="627" depart="6663.37" from="8111" to="10389" fromTaz="10" toTaz="03" departLane="free" departSpeed="max"/>
    <trip id="314" depart="6665.26" from="6483" to="1286" fromTaz="09" toTaz="13" departLane="free" departSpeed="max"/>
    <trip id="285" depart="6669.26" from="6483" to="7359" fromTaz="09" toTaz="00" departLane="free" departSpeed="max"/>
    <trip id="115" depart="6672.43" from="6522" to="6515" fromTaz="03" toTaz="11" departLane="free" departSpeed="max"/>
    <trip id="75" depart="6672.64" from="10423" to="11548" fromTaz="01" toTaz="06" departLane="free" departSpeed="max"/>
    <trip id="112" depart="6676.66" from="6522" to="6659" fromTaz="03" toTaz="10" departLane="free" departSpeed="max"/>
    <trip id="79" depart="6679.57" from="10423" to="7677" fromTaz="01" toTaz="07" departLane="free" departSpeed="max"/>
    <trip id="106" depart="6682.04" from="6522" to="7677" fromTaz="03" toTaz="07" departLane="free" departSpeed="max"/>
    <trip id="645" depart="6689.91" from="8111" to="12396" fromTaz="10" toTaz="04" departLane="free" departSpeed="max"/>
    <trip id="122" depart="6696.71" from="6522" to="1286" fromTaz="03" toTaz="13" departLane="free" departSpeed="max"/>
    <trip id="464" depart="6705.57" from="8111" to="10389" fromTaz="10" toTaz="03" departLane="free" departSpeed="max"/>
    <trip id="170" depart="6708.96" from="12004" to="7533" fromTaz="05" toTaz="09" departLane="free" departSpeed="max"/>
    <trip id="246" depart="6716.17" from="12527" to="-7573" fromTaz="07" toTaz="12" departLane="free" departSpeed="max"/>
    <trip id="203" depart="6716.95" from="11597" to="6515" fromTaz="06" toTaz="11" departLane="free" departSpeed="max"/>
    <trip id="469" depart="6724.59" from="8111" to="10389" fromTaz="10" toTaz="03" departLane="free" departSpeed="max"/>
    <trip id="256" depart="6741.88" from="7760" to="10389" fromTaz="08" toTaz="03" departLane="free" departSpeed="max"/>
    <trip id="348" depart="6763.48" from="8111" to="10410" fromTaz="10" toTaz="01" departLane="free" departSpeed="max"/>
    <trip id="22" depart="6781.59" from="7617" to="10389" fromTaz="00" toTaz="03" departLane="free" departSpeed="max"/>
    <trip id="310" depart="6781.81" from="6483" to="6515" fromTaz="09" toTaz="11" departLane="free" departSpeed="max"/>
    <trip id="297" depart="6787.35" from="6483" to="6659" fromTaz="09" toTaz="10" departLane="free" departSpeed="max"/>
    <trip id="446" depart="6790.39" from="8112" to="10389" fromTaz="10" toTaz="03" departLane="free" departSpeed="max"/>
    <trip id="648" depart="6794.44" from="8111" to="6515" fromTaz="10" toTaz="11" departLane="free" departSpeed="max"/>
    <trip id="554" depart="6794.56" from="8111" to="10389" fromTaz="10" toTaz="03" departLane="free" departSpeed="max"/>
    <trip id="595" depart="6796.92" from="8111" to="10389" fromTaz="10" toTaz="03" departLane="free" departSpeed="max"/>
    <trip id="430" depart="6800.33" from="8111" to="10389" fromTaz="10" toTaz="03" departLane="free" departSpeed="max"/>
    <trip id="547" depart="6807.59" from="8111" to="10389" fromTaz="10" toTaz="03" departLane="free" departSpeed="max"/>
    <trip id="99" depart="6810.78" from="6522" to="10394" fromTaz="03" toTaz="02" departLane="free" departSpeed="max"/>
    <trip id="64" depart="6825.98" from="10423" to="10394" fromTaz="01" toTaz="02" departLane="free" departSpeed="max"/>
    <trip id="664" depart="6833.29" from="8111" to="1286" fromTaz="10" toTaz="13" departLane="free" departSpeed="max"/>
    <trip id="516" depart="6835.54" from="8111" to="10389" fromTaz="10" toTaz="03" departLane="free" departSpeed="max"/>
    <trip id="364" depart="6841.97" from="8111" to="10389" fromTaz="10" toTaz="03" departLane="free" departSpeed="max"/>
    <trip id="292" depart="6842.51" from="6483" to="8031" fromTaz="09" toTaz="10" departLane="free" departSpeed="max"/>
    <trip id="601" depart="6842.68" from="8111" to="10389" fromTaz="10" toTaz="03" departLane="free" departSpeed="max"/>
    <trip id="378" depart="6843.40" from="8111" to="10389" fromTaz="10" toTaz="03" departLane="free" departSpeed="max"/>
    <trip id="512" depart="6845.45" from="8111" to="10389" fromTaz="10" toTaz="03" departLane="free" departSpeed="max"/>
    <trip id="86" depart="6846.45" from="10423" to="7533" fromTaz="01" toTaz="09" departLane="free" departSpeed="max"/>
    <trip id="277" depart="6853.84" from="6483" to="7359" fromTaz="09" toTaz="00" departLane="free" departSpeed="max"/>
    <trip id="334" depart="6861.34" from="8111" to="7359" fromTaz="10" toTaz="00" departLane="free" departSpeed="max"/>
    <trip id="404" depart="6863.73" from="8111" to="10389" fromTaz="10" toTaz="03" departLane="free" departSpeed="max"/>
    <trip id="323" depart="6866.24" from="8111" to="7359" fromTaz="10" toTaz="00" departLane="free" departSpeed="max"/>
    <trip id="615" depart="6868.81" from="8111" to="10389" fromTaz="10" toTaz="03" departLane="free" departSpeed="max"/>
    <trip id="126" depart="6882.68" from="12405" to="10410" fromTaz="04" toTaz="01" departLane="free" departSpeed="max"/>
    <trip id="121" depart="6897.18" from="6522" to="1286" fromTaz="03" toTaz="13" departLane="free" departSpeed="max"/>
    <trip id="447" depart="6902.30" from="8111" to="10389" fromTaz="10" toTaz="03" departLane="free" departSpeed="max"/>
    <trip id="651" depart="6907.83" from="8111" to="6515" fromTaz="10" toTaz="11" departLane="free" departSpeed="max"/>
    <trip id="403" depart="6908.90" from="8111" to="10389" fromTaz="10" toTaz="03" departLane="free" departSpeed="max"/>
    <trip id="563" depart="6944.69" from="8111" to="10389" fromTaz="10" toTaz="03" departLane="free" departSpeed="max"/>
    <trip id="631" depart="6948.82" from="8111" to="10389" fromTaz="10" toTaz="03" departLane="free" departSpeed="max"/>
    <trip id="240" depart="6948.88" from="12527" to="6515" fromTaz="07" toTaz="11" departLane="free" departSpeed="max"/>
    <trip id="300" depart="6951.02" from="6483" to="6515" fromTaz="09" toTaz="11" departLane="free" departSpeed="max"/>
    <trip id="493" depart="6955.26" from="8111" to="10389" fromTaz="10" toTaz="03" departLane="free" departSpeed="max"/>
    <trip id="600" depart="6959.03" from="8111" to="10389" fromTaz="10" toTaz="03" departLane="free" departSpeed="max"/>
    <trip id="31" depart="6963.45" from="7617" to="11548" fromTaz="00" toTaz="06" departLane="free" departSpeed="max"/>
    <trip id="376" depart="6968.75" from="8111" to="10389" fromTaz="10" toTaz="03" departLane="free" departSpeed="max"/>
    <trip id="504" depart="6973.74" from="8111" to="10389" fromTaz="10" toTaz="03" departLane="free" departSpeed="max"/>
    <trip id="232" depart="6977.90" from="12527" to="7765" fromTaz="07" toTaz="08" departLane="free" departSpeed="max"/>
    <trip id="622" depart="6978.45" from="8111" to="10389" fromTaz="10" toTaz="03" departLane="free" departSpeed="max"/>
    <trip id="42" depart="6980.65" from="7618" to="7677" fromTaz="00" toTaz="07" departLane="free" departSpeed="max"/>
    <trip id="395" depart="6981.02" from="8111" to="10389" fromTaz="10" toTaz="03" departLane="free" departSpeed="max"/>
    <trip id="200" depart="6985.87" from="11597" to="6515" fromTaz="06" toTaz="11" departLane="free" departSpeed="max"/>
    <trip id="322" depart="6989.24" from="8111" to="7359" fromTaz="10" toTaz="00" departLane="free" departSpeed="max"/>
    <trip id="613" depart="6997.39" from="8111" to="10389" fromTaz="10" toTaz="03" departLane="free" departSpeed="max"/>
    <trip id="635" depart="6999.25" from="8111" to="10389" fromTaz="10" toTaz="03" departLane="free" departSpeed="max"/>
    <trip id="175" depart="7005.48" from="12004" to="6515" fromTaz="05" toTaz="11" departLane="free" departSpeed="max"/>
    <trip id="50" depart="7025.09" from="10342.0" to="7359" fromTaz="01" toTaz="00" departLane="free" departSpeed="max"/>
    <trip id="172" depart="7026.28" from="12004" to="8031" fromTaz="05" toTaz="10" departLane="free" departSpeed="max"/>
    <trip id="260" depart="7030.00" from="7760" to="12396" fromTaz="08" toTaz="04" departLane="free" departSpeed="max"/>
    <trip id="266" depart="7037.00" from="7760" to="1286" fromTaz="08" toTaz="13" departLane="free" departSpeed="max"/>
    <trip id="548" depart="7041.38" from="8112" to="10389" fromTaz="10" toTaz="03" departLane="free" departSpeed="max"/>
    <trip id="361" depart="7050.62" from="8111" to="10389" fromTaz="10" toTaz="03" departLane="free" departSpeed="max"/>
    <trip id="333" depart="7052.46" from="8111" to="7359" fromTaz="10" toTaz="00" departLane="free" departSpeed="max"/>
    <trip id="174" depart="7053.47" from="12004" to="6515" fromTaz="05" toTaz="11" departLane="free" departSpeed="max"/>
    <trip id="388" depart="7054.58" from="8111" to="10389" fromTaz="10" toTaz="03" departLane="free" departSpeed="max"/>
    <trip id="211" depart="7075.03" from="12527" to="7359" fromTaz="07" toTaz="00" departLane="free" departSpeed="max"/>
    <trip id="379" depart="7076.09" from="8111" to="10389" fromTaz="10" toTaz="03" departLane="free" departSpeed="max"/>
    <trip id="557" depart="7078.04" from="8112" to="10389" fromTaz="10" toTaz="03" departLane="free" departSpeed="max"/>
    <trip id="195" depart="7105.64" from="11597" to="7677" fromTaz="06" toTaz="07" departLane="free" departSpeed="max"/>
    <trip id="132" depart="7108.99" from="12405" to="10394" fromTaz="04" toTaz="02" departLane="free" departSpeed="max"/>
    <trip id="105" depart="7123.70" from="6522" to="11548" fromTaz="03" toTaz="06" departLane="free" departSpeed="max"/>
    <trip id="498" depart="7141.21" from="8111" to="10389" fromTaz="10" toTaz="03" departLane="free" departSpeed="max"/>
    <trip id="551" depart="7141.92" from="8111" to="10389" fromTaz="10" toTaz="03" departLane="free" departSpeed="max"/>
    <trip id="686" depart="7143.23" from="5349" to="10394" fromTaz="11" toTaz="02" departLane="free" departSpeed="max"/>
    <trip id="96" depart="7145.48" from="10423" to="1286" fromTaz="01" toTaz="13" departLane="free" departSpeed="max"/>
    <trip id="393" depart="7145.62" from="8111" to="10389" fromTaz="10" toTaz="03" departLane="free" departSpeed="max"/>
    <trip id="345" depart="7147.49" from="8111" to="10410" fromTaz="10" toTaz="01" departLane="free" departSpeed="max"/>
    <trip id="182" depart="7151.77" from="11597" to="7359" fromTaz="06" toTaz="00" departLane="free" departSpeed="max"/>
    <trip id="641" depart="7162.08" from="8111" to="10389" fromTaz="10" toTaz="03" departLane="free" departSpeed="max"/>
    <trip id="196" depart="7163.04" from="11597" to="7677" fromTaz="06" toTaz="07" departLane="free" departSpeed="max"/>
    <trip id="473" depart="7166.23" from="8111" to="10389" fromTaz="10" toTaz="03" departLane="free" departSpeed="max"/>
    <trip id="612" depart="7167.23" from="8111" to="10389" fromTaz="10" toTaz="03" departLane="free" departSpeed="max"/>
    <trip id="116" depart="7169.32" from="6522" to="6515" fromTaz="03" toTaz="11" departLane="free" departSpeed="max"/>
    <trip id="606" depart="7175.19" from="8111" to="10389" fromTaz="10" toTaz="03" departLane="free" departSpeed="max"/>
    <trip id="621" depart="7176.40" from="8111" to="10389" fromTaz="10" toTaz="03" departLane="free" departSpeed="max"/>
    <trip id="343" depart="7178.27" from="8111" to="10410" fromTaz="10" toTaz="01" departLane="free" departSpeed="max"/>
    <trip id="431" depart="7192.73" from="8111" to="10389" fromTaz="10" toTaz="03" departLane="free" departSpeed="max"/>
    <trip id="110" depart="7194.65" from="6522" to="7533" fromTaz="03" toTaz="09" departLane="free" departSpeed="max"/>
    <trip id="237" depart="7196.80" from="12527" to="8031" fromTaz="07" toTaz="10" departLane="free" departSpeed="max"/>
</routes>
