<?xml version="1.0" encoding="UTF-8"?>

<!-- generated on 2021-07-06 17:28:22 by Eclipse SUMO od2trips Version v1_9_2+0269-1a3e5af8ed
<configuration xmlns:xsi="http://www.w3.org/2001/XMLSchema-instance" xsi:noNamespaceSchemaLocation="http://sumo.dlr.de/xsd/od2tripsConfiguration.xsd">

    <input>
        <taz-files value="../TAZ/gharrafa_taz.xml"/>
        <od-matrix-files value="gharrafaMatOD_4-5_R0"/>
    </input>

    <output>
        <output-file value="gha_trips_4-5_R0.rou.xml"/>
    </output>

</configuration>
-->

<routes xmlns:xsi="http://www.w3.org/2001/XMLSchema-instance" xsi:noNamespaceSchemaLocation="http://sumo.dlr.de/xsd/routes_file.xsd">
    <trip id="487" depart="14404.77" from="1153" to="10410" fromTaz="12" toTaz="01" departLane="free" departSpeed="max"/>
    <trip id="80" depart="14416.72" from="6522" to="10389" fromTaz="03" toTaz="03" departLane="free" departSpeed="max"/>
    <trip id="384" depart="14419.61" from="8111" to="10389" fromTaz="10" toTaz="03" departLane="free" departSpeed="max"/>
    <trip id="105" depart="14422.71" from="12405" to="11548" fromTaz="04" toTaz="06" departLane="free" departSpeed="max"/>
    <trip id="363" depart="14423.05" from="8111" to="10389" fromTaz="10" toTaz="03" departLane="free" departSpeed="max"/>
    <trip id="484" depart="14437.74" from="1153" to="10410" fromTaz="12" toTaz="01" departLane="free" departSpeed="max"/>
    <trip id="126" depart="14439.03" from="12004" to="6659" fromTaz="05" toTaz="10" departLane="free" departSpeed="max"/>
    <trip id="5" depart="14455.65" from="7617" to="10394" fromTaz="00" toTaz="02" departLane="free" departSpeed="max"/>
    <trip id="390" depart="14477.89" from="8111" to="10389" fromTaz="10" toTaz="03" departLane="free" departSpeed="max"/>
    <trip id="90" depart="14489.60" from="6522" to="6515" fromTaz="03" toTaz="11" departLane="free" departSpeed="max"/>
    <trip id="485" depart="14489.91" from="1153" to="10410" fromTaz="12" toTaz="01" departLane="free" departSpeed="max"/>
    <trip id="197" depart="14501.43" from="6483" to="7359" fromTaz="09" toTaz="00" departLane="free" departSpeed="max"/>
    <trip id="477" depart="14505.18" from="5349" to="10389" fromTaz="11" toTaz="03" departLane="free" departSpeed="max"/>
    <trip id="371" depart="14506.94" from="8111" to="10389" fromTaz="10" toTaz="03" departLane="free" departSpeed="max"/>
    <trip id="110" depart="14507.79" from="12405" to="7533" fromTaz="04" toTaz="09" departLane="free" departSpeed="max"/>
    <trip id="339" depart="14507.93" from="8111" to="10389" fromTaz="10" toTaz="03" departLane="free" departSpeed="max"/>
    <trip id="342" depart="14514.89" from="8111" to="10389" fromTaz="10" toTaz="03" departLane="free" departSpeed="max"/>
    <trip id="115" depart="14516.59" from="12405" to="1286" fromTaz="04" toTaz="13" departLane="free" departSpeed="max"/>
    <trip id="162" depart="14539.18" from="12527" to="10394" fromTaz="07" toTaz="02" departLane="free" departSpeed="max"/>
    <trip id="290" depart="14550.40" from="8111" to="10389" fromTaz="10" toTaz="03" departLane="free" departSpeed="max"/>
    <trip id="18" depart="14563.02" from="7617" to="10389" fromTaz="00" toTaz="03" departLane="free" departSpeed="max"/>
    <trip id="429" depart="14582.42" from="8111" to="10389" fromTaz="10" toTaz="03" departLane="free" departSpeed="max"/>
    <trip id="350" depart="14587.53" from="8111" to="10389" fromTaz="10" toTaz="03" departLane="free" departSpeed="max"/>
    <trip id="44" depart="14588.13" from="7617" to="7677" fromTaz="00" toTaz="07" departLane="free" departSpeed="max"/>
    <trip id="251" depart="14588.21" from="8111" to="10394" fromTaz="10" toTaz="02" departLane="free" departSpeed="max"/>
    <trip id="473" depart="14600.43" from="5349" to="7359" fromTaz="11" toTaz="00" departLane="free" departSpeed="max"/>
    <trip id="455" depart="14601.49" from="8111" to="6515" fromTaz="10" toTaz="11" departLane="free" departSpeed="max"/>
    <trip id="305" depart="14608.04" from="8111" to="10389" fromTaz="10" toTaz="03" departLane="free" departSpeed="max"/>
    <trip id="78" depart="14609.51" from="6522" to="10394" fromTaz="03" toTaz="02" departLane="free" departSpeed="max"/>
    <trip id="373" depart="14620.27" from="8111" to="10389" fromTaz="10" toTaz="03" departLane="free" departSpeed="max"/>
    <trip id="381" depart="14620.65" from="8112" to="10389" fromTaz="10" toTaz="03" departLane="free" departSpeed="max"/>
    <trip id="334" depart="14624.07" from="8111" to="10389" fromTaz="10" toTaz="03" departLane="free" departSpeed="max"/>
    <trip id="243" depart="14629.61" from="8111" to="10410" fromTaz="10" toTaz="01" departLane="free" departSpeed="max"/>
    <trip id="230" depart="14635.68" from="8112" to="7359" fromTaz="10" toTaz="00" departLane="free" departSpeed="max"/>
    <trip id="26" depart="14638.38" from="7617" to="10389" fromTaz="00" toTaz="03" departLane="free" departSpeed="max"/>
    <trip id="394" depart="14660.97" from="8111" to="10389" fromTaz="10" toTaz="03" departLane="free" departSpeed="max"/>
    <trip id="472" depart="14672.92" from="5349" to="7359" fromTaz="11" toTaz="00" departLane="free" departSpeed="max"/>
    <trip id="375" depart="14676.27" from="8111" to="10389" fromTaz="10" toTaz="03" departLane="free" departSpeed="max"/>
    <trip id="328" depart="14680.53" from="8111" to="10389" fromTaz="10" toTaz="03" departLane="free" departSpeed="max"/>
    <trip id="114" depart="14711.58" from="12405" to="-7573" fromTaz="04" toTaz="12" departLane="free" departSpeed="max"/>
    <trip id="385" depart="14714.38" from="8111" to="10389" fromTaz="10" toTaz="03" departLane="free" departSpeed="max"/>
    <trip id="101" depart="14715.31" from="12405" to="10394" fromTaz="04" toTaz="02" departLane="free" departSpeed="max"/>
    <trip id="73" depart="14719.61" from="10423" to="-7573" fromTaz="01" toTaz="12" departLane="free" departSpeed="max"/>
    <trip id="298" depart="14720.66" from="8111" to="10389" fromTaz="10" toTaz="03" departLane="free" departSpeed="max"/>
    <trip id="65" depart="14725.69" from="10342.0" to="7677" fromTaz="01" toTaz="07" departLane="free" departSpeed="max"/>
    <trip id="315" depart="14727.86" from="8111" to="10389" fromTaz="10" toTaz="03" departLane="free" departSpeed="max"/>
    <trip id="372" depart="14731.23" from="8111" to="10389" fromTaz="10" toTaz="03" departLane="free" departSpeed="max"/>
    <trip id="341" depart="14740.73" from="8111" to="10389" fromTaz="10" toTaz="03" departLane="free" departSpeed="max"/>
    <trip id="47" depart="14753.09" from="7618" to="7677" fromTaz="00" toTaz="07" departLane="free" departSpeed="max"/>
    <trip id="48" depart="14763.29" from="7618" to="7677" fromTaz="00" toTaz="07" departLane="free" departSpeed="max"/>
    <trip id="79" depart="14763.53" from="6522" to="10389" fromTaz="03" toTaz="03" departLane="free" departSpeed="max"/>
    <trip id="476" depart="14767.30" from="5349" to="10394" fromTaz="11" toTaz="02" departLane="free" departSpeed="max"/>
    <trip id="365" depart="14768.31" from="8111" to="10389" fromTaz="10" toTaz="03" departLane="free" departSpeed="max"/>
    <trip id="103" depart="14770.79" from="12405" to="10389" fromTaz="04" toTaz="03" departLane="free" departSpeed="max"/>
    <trip id="452" depart="14779.67" from="8111" to="6515" fromTaz="10" toTaz="11" departLane="free" departSpeed="max"/>
    <trip id="7" depart="14781.92" from="7618" to="10394" fromTaz="00" toTaz="02" departLane="free" departSpeed="max"/>
    <trip id="322" depart="14782.07" from="8111" to="10389" fromTaz="10" toTaz="03" departLane="free" departSpeed="max"/>
    <trip id="61" depart="14786.17" from="10342.0" to="12093" fromTaz="01" toTaz="05" departLane="free" departSpeed="max"/>
    <trip id="376" depart="14793.73" from="8111" to="10389" fromTaz="10" toTaz="03" departLane="free" departSpeed="max"/>
    <trip id="419" depart="14796.42" from="8111" to="10389" fromTaz="10" toTaz="03" departLane="free" departSpeed="max"/>
    <trip id="74" depart="14807.58" from="10342.0" to="-7573" fromTaz="01" toTaz="12" departLane="free" departSpeed="max"/>
    <trip id="416" depart="14809.79" from="8111" to="10389" fromTaz="10" toTaz="03" departLane="free" departSpeed="max"/>
    <trip id="41" depart="14810.68" from="7617" to="11548" fromTaz="00" toTaz="06" departLane="free" departSpeed="max"/>
    <trip id="459" depart="14816.57" from="8111" to="-7573" fromTaz="10" toTaz="12" departLane="free" departSpeed="max"/>
    <trip id="69" depart="14817.29" from="10342.0" to="7803" fromTaz="01" toTaz="09" departLane="free" departSpeed="max"/>
    <trip id="271" depart="14822.38" from="8111" to="10389" fromTaz="10" toTaz="03" departLane="free" departSpeed="max"/>
    <trip id="244" depart="14822.96" from="8111" to="10410" fromTaz="10" toTaz="01" departLane="free" departSpeed="max"/>
    <trip id="32" depart="14823.68" from="7617" to="10389" fromTaz="00" toTaz="03" departLane="free" departSpeed="max"/>
    <trip id="409" depart="14825.10" from="8111" to="10389" fromTaz="10" toTaz="03" departLane="free" departSpeed="max"/>
    <trip id="184" depart="14829.67" from="7760" to="10394" fromTaz="08" toTaz="02" departLane="free" departSpeed="max"/>
    <trip id="29" depart="14833.87" from="7617" to="10389" fromTaz="00" toTaz="03" departLane="free" departSpeed="max"/>
    <trip id="25" depart="14836.43" from="7617" to="10389" fromTaz="00" toTaz="03" departLane="free" departSpeed="max"/>
    <trip id="488" depart="14841.84" from="1153" to="1286" fromTaz="12" toTaz="13" departLane="free" departSpeed="max"/>
    <trip id="45" depart="14848.25" from="7617" to="7677" fromTaz="00" toTaz="07" departLane="free" departSpeed="max"/>
    <trip id="398" depart="14852.31" from="8111" to="10389" fromTaz="10" toTaz="03" departLane="free" departSpeed="max"/>
    <trip id="417" depart="14856.61" from="8111" to="10389" fromTaz="10" toTaz="03" departLane="free" departSpeed="max"/>
    <trip id="169" depart="14862.52" from="12527" to="7765" fromTaz="07" toTaz="08" departLane="free" departSpeed="max"/>
    <trip id="402" depart="14876.56" from="8111" to="10389" fromTaz="10" toTaz="03" departLane="free" departSpeed="max"/>
    <trip id="1" depart="14876.94" from="7617" to="10394" fromTaz="00" toTaz="02" departLane="free" departSpeed="max"/>
    <trip id="174" depart="14878.93" from="12527" to="6515" fromTaz="07" toTaz="11" departLane="free" departSpeed="max"/>
    <trip id="102" depart="14906.14" from="12405" to="10389" fromTaz="04" toTaz="03" departLane="free" departSpeed="max"/>
    <trip id="215" depart="14941.29" from="6483" to="6515" fromTaz="09" toTaz="11" departLane="free" departSpeed="max"/>
    <trip id="448" depart="14955.79" from="8111" to="6515" fromTaz="10" toTaz="11" departLane="free" departSpeed="max"/>
    <trip id="38" depart="14957.09" from="7617" to="11548" fromTaz="00" toTaz="06" departLane="free" departSpeed="max"/>
    <trip id="308" depart="14973.43" from="8111" to="10389" fromTaz="10" toTaz="03" departLane="free" departSpeed="max"/>
    <trip id="157" depart="14974.15" from="12527" to="7359" fromTaz="07" toTaz="00" departLane="free" departSpeed="max"/>
    <trip id="58" depart="14987.91" from="10423" to="10394" fromTaz="01" toTaz="02" departLane="free" departSpeed="max"/>
    <trip id="181" depart="15000.40" from="7760" to="7359" fromTaz="08" toTaz="00" departLane="free" departSpeed="max"/>
    <trip id="97" depart="15027.48" from="12405" to="10410" fromTaz="04" toTaz="01" departLane="free" departSpeed="max"/>
    <trip id="366" depart="15035.18" from="8111" to="10389" fromTaz="10" toTaz="03" departLane="free" departSpeed="max"/>
    <trip id="447" depart="15043.20" from="8111" to="12396" fromTaz="10" toTaz="04" departLane="free" departSpeed="max"/>
    <trip id="439" depart="15062.61" from="8111" to="10389" fromTaz="10" toTaz="03" departLane="free" departSpeed="max"/>
    <trip id="268" depart="15063.46" from="8111" to="10389" fromTaz="10" toTaz="03" departLane="free" departSpeed="max"/>
    <trip id="14" depart="15066.67" from="7617" to="10389" fromTaz="00" toTaz="03" departLane="free" departSpeed="max"/>
    <trip id="220" depart="15067.41" from="6483" to="6515" fromTaz="09" toTaz="11" departLane="free" departSpeed="max"/>
    <trip id="304" depart="15075.61" from="8111" to="10389" fromTaz="10" toTaz="03" departLane="free" departSpeed="max"/>
    <trip id="444" depart="15087.79" from="8111" to="10389" fromTaz="10" toTaz="03" departLane="free" departSpeed="max"/>
    <trip id="213" depart="15089.37" from="6483" to="6515" fromTaz="09" toTaz="11" departLane="free" departSpeed="max"/>
    <trip id="35" depart="15096.11" from="7617" to="11548" fromTaz="00" toTaz="06" departLane="free" departSpeed="max"/>
    <trip id="428" depart="15098.32" from="8111" to="10389" fromTaz="10" toTaz="03" departLane="free" departSpeed="max"/>
    <trip id="281" depart="15100.29" from="8111" to="10389" fromTaz="10" toTaz="03" departLane="free" departSpeed="max"/>
    <trip id="463" depart="15101.22" from="5349" to="7359" fromTaz="11" toTaz="00" departLane="free" departSpeed="max"/>
    <trip id="16" depart="15124.95" from="7617" to="10389" fromTaz="00" toTaz="03" departLane="free" departSpeed="max"/>
    <trip id="401" depart="15126.20" from="8111" to="10389" fromTaz="10" toTaz="03" departLane="free" departSpeed="max"/>
    <trip id="388" depart="15126.65" from="8111" to="10389" fromTaz="10" toTaz="03" departLane="free" departSpeed="max"/>
    <trip id="259" depart="15139.90" from="8112" to="10389" fromTaz="10" toTaz="03" departLane="free" departSpeed="max"/>
    <trip id="306" depart="15144.62" from="8111" to="10389" fromTaz="10" toTaz="03" departLane="free" departSpeed="max"/>
    <trip id="478" depart="15150.46" from="5349" to="12396" fromTaz="11" toTaz="04" departLane="free" departSpeed="max"/>
    <trip id="3" depart="15154.69" from="7617" to="10394" fromTaz="00" toTaz="02" departLane="free" departSpeed="max"/>
    <trip id="386" depart="15161.23" from="8111" to="10389" fromTaz="10" toTaz="03" departLane="free" departSpeed="max"/>
    <trip id="297" depart="15163.08" from="8111" to="10389" fromTaz="10" toTaz="03" departLane="free" departSpeed="max"/>
    <trip id="57" depart="15182.98" from="10342.0" to="10394" fromTaz="01" toTaz="02" departLane="free" departSpeed="max"/>
    <trip id="451" depart="15199.53" from="8111" to="6515" fromTaz="10" toTaz="11" departLane="free" departSpeed="max"/>
    <trip id="379" depart="15203.45" from="8111" to="10389" fromTaz="10" toTaz="03" departLane="free" departSpeed="max"/>
    <trip id="217" depart="15212.31" from="6483" to="6515" fromTaz="09" toTaz="11" departLane="free" departSpeed="max"/>
    <trip id="228" depart="15217.61" from="8111" to="7359" fromTaz="10" toTaz="00" departLane="free" departSpeed="max"/>
    <trip id="202" depart="15226.70" from="6483" to="10410" fromTaz="09" toTaz="01" departLane="free" departSpeed="max"/>
    <trip id="39" depart="15233.34" from="7617" to="11548" fromTaz="00" toTaz="06" departLane="free" departSpeed="max"/>
    <trip id="124" depart="15235.99" from="12004" to="7765" fromTaz="05" toTaz="08" departLane="free" departSpeed="max"/>
    <trip id="122" depart="15236.65" from="12004" to="11548" fromTaz="05" toTaz="06" departLane="free" departSpeed="max"/>
    <trip id="284" depart="15237.30" from="8111" to="10389" fromTaz="10" toTaz="03" departLane="free" departSpeed="max"/>
    <trip id="443" depart="15240.96" from="8111" to="10389" fromTaz="10" toTaz="03" departLane="free" departSpeed="max"/>
    <trip id="23" depart="15242.52" from="7617" to="10389" fromTaz="00" toTaz="03" departLane="free" departSpeed="max"/>
    <trip id="348" depart="15245.46" from="8111" to="10389" fromTaz="10" toTaz="03" departLane="free" departSpeed="max"/>
    <trip id="147" depart="15245.77" from="11597" to="6659" fromTaz="06" toTaz="10" departLane="free" departSpeed="max"/>
    <trip id="194" depart="15246.12" from="6483" to="7359" fromTaz="09" toTaz="00" departLane="free" departSpeed="max"/>
    <trip id="346" depart="15259.97" from="8111" to="10389" fromTaz="10" toTaz="03" departLane="free" departSpeed="max"/>
    <trip id="280" depart="15261.23" from="8111" to="10389" fromTaz="10" toTaz="03" departLane="free" departSpeed="max"/>
    <trip id="354" depart="15270.97" from="8111" to="10389" fromTaz="10" toTaz="03" departLane="free" departSpeed="max"/>
    <trip id="309" depart="15287.94" from="8111" to="10389" fromTaz="10" toTaz="03" departLane="free" departSpeed="max"/>
    <trip id="133" depart="15296.61" from="11597" to="7359" fromTaz="06" toTaz="00" departLane="free" departSpeed="max"/>
    <trip id="441" depart="15298.98" from="8111" to="10389" fromTaz="10" toTaz="03" departLane="free" departSpeed="max"/>
    <trip id="458" depart="15302.01" from="8111" to="-7573" fromTaz="10" toTaz="12" departLane="free" departSpeed="max"/>
    <trip id="239" depart="15310.95" from="8111" to="7359" fromTaz="10" toTaz="00" departLane="free" departSpeed="max"/>
    <trip id="138" depart="15313.45" from="11597" to="10389" fromTaz="06" toTaz="03" departLane="free" departSpeed="max"/>
    <trip id="121" depart="15323.23" from="12004" to="10394" fromTaz="05" toTaz="02" departLane="free" departSpeed="max"/>
    <trip id="82" depart="15328.90" from="6522" to="7677" fromTaz="03" toTaz="07" departLane="free" departSpeed="max"/>
    <trip id="361" depart="15341.60" from="8111" to="10389" fromTaz="10" toTaz="03" departLane="free" departSpeed="max"/>
    <trip id="237" depart="15349.18" from="8111" to="7359" fromTaz="10" toTaz="00" departLane="free" departSpeed="max"/>
    <trip id="344" depart="15353.74" from="8111" to="10389" fromTaz="10" toTaz="03" departLane="free" departSpeed="max"/>
    <trip id="300" depart="15354.16" from="8111" to="10389" fromTaz="10" toTaz="03" departLane="free" departSpeed="max"/>
    <trip id="406" depart="15371.03" from="8111" to="10389" fromTaz="10" toTaz="03" departLane="free" departSpeed="max"/>
    <trip id="28" depart="15372.03" from="7618" to="10389" fromTaz="00" toTaz="03" departLane="free" departSpeed="max"/>
    <trip id="59" depart="15397.77" from="10423" to="12396" fromTaz="01" toTaz="04" departLane="free" departSpeed="max"/>
    <trip id="135" depart="15398.62" from="11597" to="10410" fromTaz="06" toTaz="01" departLane="free" departSpeed="max"/>
    <trip id="335" depart="15402.62" from="8111" to="10389" fromTaz="10" toTaz="03" departLane="free" departSpeed="max"/>
    <trip id="218" depart="15408.03" from="6483" to="6515" fromTaz="09" toTaz="11" departLane="free" departSpeed="max"/>
    <trip id="140" depart="15410.05" from="11597" to="10389" fromTaz="06" toTaz="03" departLane="free" departSpeed="max"/>
    <trip id="469" depart="15410.94" from="5349" to="7359" fromTaz="11" toTaz="00" departLane="free" departSpeed="max"/>
    <trip id="262" depart="15421.95" from="8111" to="10389" fromTaz="10" toTaz="03" departLane="free" departSpeed="max"/>
    <trip id="351" depart="15432.88" from="8111" to="10389" fromTaz="10" toTaz="03" departLane="free" departSpeed="max"/>
    <trip id="51" depart="15434.54" from="10342.0" to="10394" fromTaz="01" toTaz="02" departLane="free" departSpeed="max"/>
    <trip id="329" depart="15455.06" from="8111" to="10389" fromTaz="10" toTaz="03" departLane="free" departSpeed="max"/>
    <trip id="245" depart="15480.92" from="8111" to="10410" fromTaz="10" toTaz="01" departLane="free" departSpeed="max"/>
    <trip id="438" depart="15494.10" from="8111" to="10389" fromTaz="10" toTaz="03" departLane="free" departSpeed="max"/>
    <trip id="464" depart="15494.83" from="5349" to="7359" fromTaz="11" toTaz="00" departLane="free" departSpeed="max"/>
    <trip id="291" depart="15508.54" from="8111" to="10389" fromTaz="10" toTaz="03" departLane="free" departSpeed="max"/>
    <trip id="415" depart="15514.21" from="8111" to="10389" fromTaz="10" toTaz="03" departLane="free" departSpeed="max"/>
    <trip id="27" depart="15518.06" from="7617" to="10389" fromTaz="00" toTaz="03" departLane="free" departSpeed="max"/>
    <trip id="345" depart="15522.69" from="8111" to="10389" fromTaz="10" toTaz="03" departLane="free" departSpeed="max"/>
    <trip id="377" depart="15529.48" from="8111" to="10389" fromTaz="10" toTaz="03" departLane="free" departSpeed="max"/>
    <trip id="52" depart="15530.77" from="10342.0" to="10394" fromTaz="01" toTaz="02" departLane="free" departSpeed="max"/>
    <trip id="445" depart="15532.57" from="8111" to="10389" fromTaz="10" toTaz="03" departLane="free" departSpeed="max"/>
    <trip id="270" depart="15544.44" from="8111" to="10389" fromTaz="10" toTaz="03" departLane="free" departSpeed="max"/>
    <trip id="104" depart="15562.90" from="12405" to="12093" fromTaz="04" toTaz="05" departLane="free" departSpeed="max"/>
    <trip id="301" depart="15579.20" from="8111" to="10389" fromTaz="10" toTaz="03" departLane="free" departSpeed="max"/>
    <trip id="430" depart="15588.37" from="8111" to="10389" fromTaz="10" toTaz="03" departLane="free" departSpeed="max"/>
    <trip id="479" depart="15592.85" from="5349" to="-7573" fromTaz="11" toTaz="12" departLane="free" departSpeed="max"/>
    <trip id="475" depart="15595.75" from="5349" to="10394" fromTaz="11" toTaz="02" departLane="free" departSpeed="max"/>
    <trip id="89" depart="15623.00" from="6522" to="6515" fromTaz="03" toTaz="11" departLane="free" departSpeed="max"/>
    <trip id="71" depart="15629.13" from="10342.0" to="6515" fromTaz="01" toTaz="11" departLane="free" departSpeed="max"/>
    <trip id="289" depart="15629.91" from="8111" to="10389" fromTaz="10" toTaz="03" departLane="free" departSpeed="max"/>
    <trip id="98" depart="15629.93" from="12405" to="10410" fromTaz="04" toTaz="01" departLane="free" departSpeed="max"/>
    <trip id="64" depart="15656.12" from="10423" to="7677" fromTaz="01" toTaz="07" departLane="free" departSpeed="max"/>
    <trip id="468" depart="15674.04" from="5349" to="7359" fromTaz="11" toTaz="00" departLane="free" departSpeed="max"/>
    <trip id="482" depart="15676.94" from="1153" to="7359" fromTaz="12" toTaz="00" departLane="free" departSpeed="max"/>
    <trip id="241" depart="15678.79" from="8111" to="7359" fromTaz="10" toTaz="00" departLane="free" departSpeed="max"/>
    <trip id="152" depart="15683.06" from="11597" to="-7573" fromTaz="06" toTaz="12" departLane="free" departSpeed="max"/>
    <trip id="94" depart="15687.42" from="6522" to="1286" fromTaz="03" toTaz="13" departLane="free" departSpeed="max"/>
    <trip id="171" depart="15691.05" from="12527" to="7803" fromTaz="07" toTaz="09" departLane="free" departSpeed="max"/>
    <trip id="170" depart="15693.18" from="12527" to="7533" fromTaz="07" toTaz="09" departLane="free" departSpeed="max"/>
    <trip id="216" depart="15698.74" from="6483" to="6515" fromTaz="09" toTaz="11" departLane="free" departSpeed="max"/>
    <trip id="201" depart="15699.24" from="6483" to="7359" fromTaz="09" toTaz="00" departLane="free" departSpeed="max"/>
    <trip id="34" depart="15702.21" from="7617" to="10389" fromTaz="00" toTaz="03" departLane="free" departSpeed="max"/>
    <trip id="113" depart="15703.15" from="12405" to="-7573" fromTaz="04" toTaz="12" departLane="free" departSpeed="max"/>
    <trip id="442" depart="15705.07" from="8111" to="10389" fromTaz="10" toTaz="03" departLane="free" departSpeed="max"/>
    <trip id="81" depart="15712.47" from="6522" to="10389" fromTaz="03" toTaz="03" departLane="free" departSpeed="max"/>
    <trip id="432" depart="15732.86" from="8111" to="10389" fromTaz="10" toTaz="03" departLane="free" departSpeed="max"/>
    <trip id="302" depart="15735.69" from="8111" to="10389" fromTaz="10" toTaz="03" departLane="free" departSpeed="max"/>
    <trip id="193" depart="15736.87" from="6483" to="7359" fromTaz="09" toTaz="00" departLane="free" departSpeed="max"/>
    <trip id="467" depart="15738.14" from="5349" to="7359" fromTaz="11" toTaz="00" departLane="free" departSpeed="max"/>
    <trip id="125" depart="15759.91" from="12004" to="7803" fromTaz="05" toTaz="09" departLane="free" departSpeed="max"/>
    <trip id="117" depart="15764.10" from="12004" to="7359" fromTaz="05" toTaz="00" departLane="free" departSpeed="max"/>
    <trip id="13" depart="15772.68" from="7617" to="10389" fromTaz="00" toTaz="03" departLane="free" departSpeed="max"/>
    <trip id="132" depart="15772.82" from="11597" to="7359" fromTaz="06" toTaz="00" departLane="free" departSpeed="max"/>
    <trip id="480" depart="15778.16" from="5349" to="1286" fromTaz="11" toTaz="13" departLane="free" departSpeed="max"/>
    <trip id="274" depart="15794.65" from="8111" to="10389" fromTaz="10" toTaz="03" departLane="free" departSpeed="max"/>
    <trip id="120" depart="15799.14" from="12004" to="10394" fromTaz="05" toTaz="02" departLane="free" departSpeed="max"/>
    <trip id="396" depart="15806.14" from="8112" to="10389" fromTaz="10" toTaz="03" departLane="free" departSpeed="max"/>
    <trip id="222" depart="15827.32" from="6483" to="6515" fromTaz="09" toTaz="11" departLane="free" departSpeed="max"/>
    <trip id="299" depart="15854.20" from="8111" to="10389" fromTaz="10" toTaz="03" departLane="free" departSpeed="max"/>
    <trip id="146" depart="15856.94" from="11597" to="8031" fromTaz="06" toTaz="10" departLane="free" departSpeed="max"/>
    <trip id="129" depart="15864.74" from="12004" to="-7573" fromTaz="05" toTaz="12" departLane="free" departSpeed="max"/>
    <trip id="405" depart="15865.76" from="8111" to="10389" fromTaz="10" toTaz="03" departLane="free" departSpeed="max"/>
    <trip id="331" depart="15873.07" from="8111" to="10389" fromTaz="10" toTaz="03" departLane="free" departSpeed="max"/>
    <trip id="307" depart="15876.93" from="8111" to="10389" fromTaz="10" toTaz="03" departLane="free" departSpeed="max"/>
    <trip id="349" depart="15880.20" from="8111" to="10389" fromTaz="10" toTaz="03" departLane="free" departSpeed="max"/>
    <trip id="250" depart="15898.84" from="8111" to="10394" fromTaz="10" toTaz="02" departLane="free" departSpeed="max"/>
    <trip id="255" depart="15916.12" from="8111" to="10394" fromTaz="10" toTaz="02" departLane="free" departSpeed="max"/>
    <trip id="263" depart="15935.84" from="8112" to="10389" fromTaz="10" toTaz="03" departLane="free" departSpeed="max"/>
    <trip id="248" depart="15965.42" from="8111" to="10394" fromTaz="10" toTaz="02" departLane="free" departSpeed="max"/>
    <trip id="316" depart="15983.90" from="8111" to="10389" fromTaz="10" toTaz="03" departLane="free" departSpeed="max"/>
    <trip id="356" depart="15984.35" from="8111" to="10389" fromTaz="10" toTaz="03" departLane="free" departSpeed="max"/>
    <trip id="249" depart="15997.79" from="8111" to="10394" fromTaz="10" toTaz="02" departLane="free" departSpeed="max"/>
    <trip id="210" depart="15998.65" from="6483" to="8031" fromTaz="09" toTaz="10" departLane="free" departSpeed="max"/>
    <trip id="91" depart="15999.53" from="6522" to="6515" fromTaz="03" toTaz="11" departLane="free" departSpeed="max"/>
    <trip id="393" depart="16009.27" from="8111" to="10389" fromTaz="10" toTaz="03" departLane="free" departSpeed="max"/>
    <trip id="143" depart="16009.33" from="11597" to="12396" fromTaz="06" toTaz="04" departLane="free" departSpeed="max"/>
    <trip id="389" depart="16014.82" from="8111" to="10389" fromTaz="10" toTaz="03" departLane="free" departSpeed="max"/>
    <trip id="357" depart="16020.17" from="8111" to="10389" fromTaz="10" toTaz="03" departLane="free" departSpeed="max"/>
    <trip id="369" depart="16030.65" from="8111" to="10389" fromTaz="10" toTaz="03" departLane="free" departSpeed="max"/>
    <trip id="427" depart="16041.62" from="8111" to="10389" fromTaz="10" toTaz="03" departLane="free" departSpeed="max"/>
    <trip id="21" depart="16051.42" from="7617" to="10389" fromTaz="00" toTaz="03" departLane="free" departSpeed="max"/>
    <trip id="86" depart="16051.61" from="6522" to="8031" fromTaz="03" toTaz="10" departLane="free" departSpeed="max"/>
    <trip id="266" depart="16055.17" from="8111" to="10389" fromTaz="10" toTaz="03" departLane="free" departSpeed="max"/>
    <trip id="236" depart="16064.02" from="8111" to="7359" fromTaz="10" toTaz="00" departLane="free" departSpeed="max"/>
    <trip id="53" depart="16069.56" from="10423" to="10394" fromTaz="01" toTaz="02" departLane="free" departSpeed="max"/>
    <trip id="8" depart="16072.50" from="7617" to="10389" fromTaz="00" toTaz="03" departLane="free" departSpeed="max"/>
    <trip id="173" depart="16082.30" from="12527" to="8031" fromTaz="07" toTaz="10" departLane="free" departSpeed="max"/>
    <trip id="141" depart="16082.52" from="11597" to="10389" fromTaz="06" toTaz="03" departLane="free" departSpeed="max"/>
    <trip id="55" depart="16084.20" from="10342.0" to="10394" fromTaz="01" toTaz="02" departLane="free" departSpeed="max"/>
    <trip id="374" depart="16089.25" from="8111" to="10389" fromTaz="10" toTaz="03" departLane="free" departSpeed="max"/>
    <trip id="207" depart="16090.02" from="6483" to="8031" fromTaz="09" toTaz="10" departLane="free" departSpeed="max"/>
    <trip id="265" depart="16104.03" from="8111" to="10389" fromTaz="10" toTaz="03" departLane="free" departSpeed="max"/>
    <trip id="465" depart="16106.66" from="5349" to="7359" fromTaz="11" toTaz="00" departLane="free" departSpeed="max"/>
    <trip id="137" depart="16108.06" from="11597" to="10394" fromTaz="06" toTaz="02" departLane="free" departSpeed="max"/>
    <trip id="92" depart="16108.58" from="6522" to="6515" fromTaz="03" toTaz="11" departLane="free" departSpeed="max"/>
    <trip id="489" depart="16112.03" from="1153" to="1286" fromTaz="12" toTaz="13" departLane="free" departSpeed="max"/>
    <trip id="424" depart="16112.64" from="8111" to="10389" fromTaz="10" toTaz="03" departLane="free" departSpeed="max"/>
    <trip id="425" depart="16127.07" from="8111" to="10389" fromTaz="10" toTaz="03" departLane="free" departSpeed="max"/>
    <trip id="483" depart="16132.17" from="1153" to="7359" fromTaz="12" toTaz="00" departLane="free" departSpeed="max"/>
    <trip id="269" depart="16134.61" from="8111" to="10389" fromTaz="10" toTaz="03" departLane="free" departSpeed="max"/>
    <trip id="160" depart="16139.14" from="12527" to="10410" fromTaz="07" toTaz="01" departLane="free" departSpeed="max"/>
    <trip id="214" depart="16139.26" from="6483" to="6515" fromTaz="09" toTaz="11" departLane="free" departSpeed="max"/>
    <trip id="276" depart="16162.21" from="8111" to="10389" fromTaz="10" toTaz="03" departLane="free" departSpeed="max"/>
    <trip id="31" depart="16163.21" from="7618" to="10389" fromTaz="00" toTaz="03" departLane="free" departSpeed="max"/>
    <trip id="310" depart="16182.15" from="8111" to="10389" fromTaz="10" toTaz="03" departLane="free" departSpeed="max"/>
    <trip id="175" depart="16203.98" from="12527" to="6515" fromTaz="07" toTaz="11" departLane="free" departSpeed="max"/>
    <trip id="420" depart="16206.06" from="8111" to="10389" fromTaz="10" toTaz="03" departLane="free" departSpeed="max"/>
    <trip id="209" depart="16212.21" from="6483" to="6659" fromTaz="09" toTaz="10" departLane="free" departSpeed="max"/>
    <trip id="333" depart="16216.96" from="8111" to="10389" fromTaz="10" toTaz="03" departLane="free" departSpeed="max"/>
    <trip id="6" depart="16217.33" from="7617" to="10394" fromTaz="00" toTaz="02" departLane="free" departSpeed="max"/>
    <trip id="46" depart="16222.07" from="7618" to="7677" fromTaz="00" toTaz="07" departLane="free" departSpeed="max"/>
    <trip id="362" depart="16227.45" from="8111" to="10389" fromTaz="10" toTaz="03" departLane="free" departSpeed="max"/>
    <trip id="287" depart="16235.10" from="8111" to="10389" fromTaz="10" toTaz="03" departLane="free" departSpeed="max"/>
    <trip id="327" depart="16236.13" from="8111" to="10389" fromTaz="10" toTaz="03" departLane="free" departSpeed="max"/>
    <trip id="426" depart="16240.44" from="8111" to="10389" fromTaz="10" toTaz="03" departLane="free" departSpeed="max"/>
    <trip id="295" depart="16241.56" from="8111" to="10389" fromTaz="10" toTaz="03" departLane="free" departSpeed="max"/>
    <trip id="2" depart="16247.70" from="7617" to="10394" fromTaz="00" toTaz="02" departLane="free" departSpeed="max"/>
    <trip id="17" depart="16248.48" from="7618" to="10389" fromTaz="00" toTaz="03" departLane="free" departSpeed="max"/>
    <trip id="486" depart="16301.64" from="1153" to="10410" fromTaz="12" toTaz="01" departLane="free" departSpeed="max"/>
    <trip id="481" depart="16302.63" from="5349" to="1286" fromTaz="11" toTaz="13" departLane="free" departSpeed="max"/>
    <trip id="167" depart="16309.02" from="12527" to="12396" fromTaz="07" toTaz="04" departLane="free" departSpeed="max"/>
    <trip id="83" depart="16310.64" from="6522" to="7677" fromTaz="03" toTaz="07" departLane="free" departSpeed="max"/>
    <trip id="224" depart="16318.15" from="6483" to="-7573" fromTaz="09" toTaz="12" departLane="free" departSpeed="max"/>
    <trip id="421" depart="16323.50" from="8112" to="10389" fromTaz="10" toTaz="03" departLane="free" departSpeed="max"/>
    <trip id="111" depart="16332.75" from="12405" to="8031" fromTaz="04" toTaz="10" departLane="free" departSpeed="max"/>
    <trip id="24" depart="16343.63" from="7617" to="10389" fromTaz="00" toTaz="03" departLane="free" departSpeed="max"/>
    <trip id="370" depart="16344.09" from="8111" to="10389" fromTaz="10" toTaz="03" departLane="free" departSpeed="max"/>
    <trip id="107" depart="16350.91" from="12405" to="7677" fromTaz="04" toTaz="07" departLane="free" departSpeed="max"/>
    <trip id="54" depart="16372.95" from="10342.0" to="10394" fromTaz="01" toTaz="02" departLane="free" departSpeed="max"/>
    <trip id="319" depart="16395.57" from="8111" to="10389" fromTaz="10" toTaz="03" departLane="free" departSpeed="max"/>
    <trip id="11" depart="16415.92" from="7617" to="10389" fromTaz="00" toTaz="03" departLane="free" departSpeed="max"/>
    <trip id="212" depart="16424.63" from="6483" to="6515" fromTaz="09" toTaz="11" departLane="free" departSpeed="max"/>
    <trip id="154" depart="16430.54" from="11597" to="1286" fromTaz="06" toTaz="13" departLane="free" departSpeed="max"/>
    <trip id="320" depart="16479.27" from="8111" to="10389" fromTaz="10" toTaz="03" departLane="free" departSpeed="max"/>
    <trip id="75" depart="16485.47" from="10342.0" to="1286" fromTaz="01" toTaz="13" departLane="free" departSpeed="max"/>
    <trip id="100" depart="16491.41" from="12405" to="10394" fromTaz="04" toTaz="02" departLane="free" departSpeed="max"/>
    <trip id="43" depart="16492.86" from="7618" to="7677" fromTaz="00" toTaz="07" departLane="free" departSpeed="max"/>
    <trip id="188" depart="16497.14" from="7760" to="-7573" fromTaz="08" toTaz="12" departLane="free" departSpeed="max"/>
    <trip id="76" depart="16501.00" from="6522" to="7359" fromTaz="03" toTaz="00" departLane="free" departSpeed="max"/>
    <trip id="203" depart="16505.96" from="6483" to="10410" fromTaz="09" toTaz="01" departLane="free" departSpeed="max"/>
    <trip id="403" depart="16508.20" from="8111" to="10389" fromTaz="10" toTaz="03" departLane="free" departSpeed="max"/>
    <trip id="227" depart="16528.84" from="8111" to="7359" fromTaz="10" toTaz="00" departLane="free" departSpeed="max"/>
    <trip id="277" depart="16534.26" from="8111" to="10389" fromTaz="10" toTaz="03" departLane="free" departSpeed="max"/>
    <trip id="42" depart="16538.70" from="7618" to="11548" fromTaz="00" toTaz="06" departLane="free" departSpeed="max"/>
    <trip id="150" depart="16562.87" from="11597" to="-7573" fromTaz="06" toTaz="12" departLane="free" departSpeed="max"/>
    <trip id="33" depart="16569.75" from="7617" to="10389" fromTaz="00" toTaz="03" departLane="free" departSpeed="max"/>
    <trip id="343" depart="16582.08" from="8111" to="10389" fromTaz="10" toTaz="03" departLane="free" departSpeed="max"/>
    <trip id="252" depart="16585.60" from="8111" to="10394" fromTaz="10" toTaz="02" departLane="free" departSpeed="max"/>
    <trip id="191" depart="16587.63" from="6483" to="7359" fromTaz="09" toTaz="00" departLane="free" departSpeed="max"/>
    <trip id="450" depart="16594.36" from="8111" to="6515" fromTaz="10" toTaz="11" departLane="free" departSpeed="max"/>
    <trip id="180" depart="16595.42" from="12527" to="1286" fromTaz="07" toTaz="13" departLane="free" departSpeed="max"/>
    <trip id="453" depart="16605.11" from="8111" to="6515" fromTaz="10" toTaz="11" departLane="free" departSpeed="max"/>
    <trip id="108" depart="16635.24" from="12405" to="7765" fromTaz="04" toTaz="08" departLane="free" departSpeed="max"/>
    <trip id="19" depart="16639.54" from="7617" to="10389" fromTaz="00" toTaz="03" departLane="free" departSpeed="max"/>
    <trip id="67" depart="16640.10" from="10342.0" to="7765" fromTaz="01" toTaz="08" departLane="free" departSpeed="max"/>
    <trip id="119" depart="16644.56" from="12004" to="10410" fromTaz="05" toTaz="01" departLane="free" departSpeed="max"/>
    <trip id="15" depart="16648.33" from="7617" to="10389" fromTaz="00" toTaz="03" departLane="free" departSpeed="max"/>
    <trip id="275" depart="16653.48" from="8111" to="10389" fromTaz="10" toTaz="03" departLane="free" departSpeed="max"/>
    <trip id="10" depart="16659.21" from="7617" to="10389" fromTaz="00" toTaz="03" departLane="free" departSpeed="max"/>
    <trip id="323" depart="16667.71" from="8112" to="10389" fromTaz="10" toTaz="03" departLane="free" departSpeed="max"/>
    <trip id="93" depart="16668.96" from="6522" to="-7573" fromTaz="03" toTaz="12" departLane="free" departSpeed="max"/>
    <trip id="457" depart="16670.23" from="8111" to="-7573" fromTaz="10" toTaz="12" departLane="free" departSpeed="max"/>
    <trip id="185" depart="16676.28" from="7760" to="10389" fromTaz="08" toTaz="03" departLane="free" departSpeed="max"/>
    <trip id="332" depart="16685.33" from="8111" to="10389" fromTaz="10" toTaz="03" departLane="free" departSpeed="max"/>
    <trip id="151" depart="16694.04" from="11597" to="-7573" fromTaz="06" toTaz="12" departLane="free" departSpeed="max"/>
    <trip id="338" depart="16698.14" from="8111" to="10389" fromTaz="10" toTaz="03" departLane="free" departSpeed="max"/>
    <trip id="134" depart="16702.63" from="11597" to="10410" fromTaz="06" toTaz="01" departLane="free" departSpeed="max"/>
    <trip id="267" depart="16703.82" from="8111" to="10389" fromTaz="10" toTaz="03" departLane="free" departSpeed="max"/>
    <trip id="264" depart="16703.96" from="8111" to="10389" fromTaz="10" toTaz="03" departLane="free" departSpeed="max"/>
    <trip id="156" depart="16706.92" from="12527" to="7359" fromTaz="07" toTaz="00" departLane="free" departSpeed="max"/>
    <trip id="142" depart="16711.62" from="11597" to="12396" fromTaz="06" toTaz="04" departLane="free" departSpeed="max"/>
    <trip id="232" depart="16715.13" from="8111" to="7359" fromTaz="10" toTaz="00" departLane="free" departSpeed="max"/>
    <trip id="410" depart="16744.55" from="8111" to="10389" fromTaz="10" toTaz="03" departLane="free" departSpeed="max"/>
    <trip id="296" depart="16754.88" from="8111" to="10389" fromTaz="10" toTaz="03" departLane="free" departSpeed="max"/>
    <trip id="40" depart="16759.25" from="7617" to="11548" fromTaz="00" toTaz="06" departLane="free" departSpeed="max"/>
    <trip id="211" depart="16786.31" from="6483" to="8031" fromTaz="09" toTaz="10" departLane="free" departSpeed="max"/>
    <trip id="330" depart="16786.33" from="8111" to="10389" fromTaz="10" toTaz="03" departLane="free" departSpeed="max"/>
    <trip id="353" depart="16786.99" from="8111" to="10389" fromTaz="10" toTaz="03" departLane="free" departSpeed="max"/>
    <trip id="155" depart="16794.16" from="12527" to="7359" fromTaz="07" toTaz="00" departLane="free" departSpeed="max"/>
    <trip id="187" depart="16797.53" from="7760" to="12396" fromTaz="08" toTaz="04" departLane="free" departSpeed="max"/>
    <trip id="257" depart="16799.17" from="8111" to="10389" fromTaz="10" toTaz="03" departLane="free" departSpeed="max"/>
    <trip id="367" depart="16802.41" from="8111" to="10389" fromTaz="10" toTaz="03" departLane="free" departSpeed="max"/>
    <trip id="240" depart="16803.47" from="8111" to="7359" fromTaz="10" toTaz="00" departLane="free" departSpeed="max"/>
    <trip id="422" depart="16808.39" from="8111" to="10389" fromTaz="10" toTaz="03" departLane="free" departSpeed="max"/>
    <trip id="321" depart="16814.93" from="8111" to="10389" fromTaz="10" toTaz="03" departLane="free" departSpeed="max"/>
    <trip id="99" depart="16816.61" from="12405" to="10410" fromTaz="04" toTaz="01" departLane="free" departSpeed="max"/>
    <trip id="161" depart="16816.86" from="12527" to="10394" fromTaz="07" toTaz="02" departLane="free" departSpeed="max"/>
    <trip id="395" depart="16817.87" from="8111" to="10389" fromTaz="10" toTaz="03" departLane="free" departSpeed="max"/>
    <trip id="196" depart="16820.13" from="6483" to="7359" fromTaz="09" toTaz="00" departLane="free" departSpeed="max"/>
    <trip id="234" depart="16830.78" from="8111" to="7359" fromTaz="10" toTaz="00" departLane="free" departSpeed="max"/>
    <trip id="292" depart="16831.34" from="8111" to="10389" fromTaz="10" toTaz="03" departLane="free" departSpeed="max"/>
    <trip id="20" depart="16836.32" from="7617" to="10389" fromTaz="00" toTaz="03" departLane="free" departSpeed="max"/>
    <trip id="144" depart="16842.46" from="11597" to="7677" fromTaz="06" toTaz="07" departLane="free" departSpeed="max"/>
    <trip id="62" depart="16842.60" from="10342.0" to="11548" fromTaz="01" toTaz="06" departLane="free" departSpeed="max"/>
    <trip id="258" depart="16845.26" from="8111" to="10389" fromTaz="10" toTaz="03" departLane="free" departSpeed="max"/>
    <trip id="359" depart="16867.76" from="8111" to="10389" fromTaz="10" toTaz="03" departLane="free" departSpeed="max"/>
    <trip id="253" depart="16868.40" from="8111" to="10394" fromTaz="10" toTaz="02" departLane="free" departSpeed="max"/>
    <trip id="272" depart="16869.99" from="8111" to="10389" fromTaz="10" toTaz="03" departLane="free" departSpeed="max"/>
    <trip id="433" depart="16885.71" from="8111" to="10389" fromTaz="10" toTaz="03" departLane="free" departSpeed="max"/>
    <trip id="112" depart="16885.86" from="12405" to="6515" fromTaz="04" toTaz="11" departLane="free" departSpeed="max"/>
    <trip id="261" depart="16886.92" from="8111" to="10389" fromTaz="10" toTaz="03" departLane="free" departSpeed="max"/>
    <trip id="0" depart="16888.08" from="7617" to="10394" fromTaz="00" toTaz="02" departLane="free" departSpeed="max"/>
    <trip id="235" depart="16894.28" from="8111" to="7359" fromTaz="10" toTaz="00" departLane="free" departSpeed="max"/>
    <trip id="470" depart="16916.03" from="5349" to="7359" fromTaz="11" toTaz="00" departLane="free" departSpeed="max"/>
    <trip id="273" depart="16941.66" from="8111" to="10389" fromTaz="10" toTaz="03" departLane="free" departSpeed="max"/>
    <trip id="148" depart="16943.65" from="11597" to="6515" fromTaz="06" toTaz="11" departLane="free" departSpeed="max"/>
    <trip id="247" depart="16945.72" from="8111" to="10394" fromTaz="10" toTaz="02" departLane="free" departSpeed="max"/>
    <trip id="418" depart="16947.60" from="8111" to="10389" fromTaz="10" toTaz="03" departLane="free" departSpeed="max"/>
    <trip id="411" depart="16955.69" from="8111" to="10389" fromTaz="10" toTaz="03" departLane="free" departSpeed="max"/>
    <trip id="387" depart="16960.31" from="8111" to="10389" fromTaz="10" toTaz="03" departLane="free" departSpeed="max"/>
    <trip id="136" depart="16973.06" from="11597" to="10394" fromTaz="06" toTaz="02" departLane="free" departSpeed="max"/>
    <trip id="60" depart="16973.19" from="10423" to="12396" fromTaz="01" toTaz="04" departLane="free" departSpeed="max"/>
    <trip id="414" depart="16975.26" from="8111" to="10389" fromTaz="10" toTaz="03" departLane="free" departSpeed="max"/>
    <trip id="413" depart="16979.81" from="8112" to="10389" fromTaz="10" toTaz="03" departLane="free" departSpeed="max"/>
    <trip id="70" depart="16981.58" from="10342.0" to="8031" fromTaz="01" toTaz="10" departLane="free" departSpeed="max"/>
    <trip id="454" depart="16982.75" from="8111" to="6515" fromTaz="10" toTaz="11" departLane="free" departSpeed="max"/>
    <trip id="312" depart="16983.69" from="8111" to="10389" fromTaz="10" toTaz="03" departLane="free" departSpeed="max"/>
    <trip id="127" depart="16984.32" from="12004" to="6515" fromTaz="05" toTaz="11" departLane="free" departSpeed="max"/>
    <trip id="206" depart="16986.76" from="6483" to="6659" fromTaz="09" toTaz="10" departLane="free" departSpeed="max"/>
    <trip id="36" depart="16987.01" from="7617" to="11548" fromTaz="00" toTaz="06" departLane="free" departSpeed="max"/>
    <trip id="285" depart="16992.89" from="8111" to="10389" fromTaz="10" toTaz="03" departLane="free" departSpeed="max"/>
    <trip id="145" depart="16993.71" from="11597" to="7765" fromTaz="06" toTaz="08" departLane="free" departSpeed="max"/>
    <trip id="200" depart="16996.25" from="6483" to="7359" fromTaz="09" toTaz="00" departLane="free" departSpeed="max"/>
    <trip id="131" depart="17009.20" from="12004" to="1286" fromTaz="05" toTaz="13" departLane="free" departSpeed="max"/>
    <trip id="153" depart="17017.42" from="11597" to="1286" fromTaz="06" toTaz="13" departLane="free" departSpeed="max"/>
    <trip id="466" depart="17021.67" from="5349" to="7359" fromTaz="11" toTaz="00" departLane="free" departSpeed="max"/>
    <trip id="56" depart="17024.03" from="10342.0" to="10394" fromTaz="01" toTaz="02" departLane="free" departSpeed="max"/>
    <trip id="130" depart="17029.70" from="12004" to="-7573" fromTaz="05" toTaz="12" departLane="free" departSpeed="max"/>
    <trip id="391" depart="17034.01" from="8111" to="10389" fromTaz="10" toTaz="03" departLane="free" departSpeed="max"/>
    <trip id="293" depart="17037.52" from="8112" to="10389" fromTaz="10" toTaz="03" departLane="free" departSpeed="max"/>
    <trip id="165" depart="17043.76" from="12527" to="10389" fromTaz="07" toTaz="03" departLane="free" departSpeed="max"/>
    <trip id="360" depart="17052.04" from="8111" to="10389" fromTaz="10" toTaz="03" departLane="free" departSpeed="max"/>
    <trip id="437" depart="17060.26" from="8111" to="10389" fromTaz="10" toTaz="03" departLane="free" departSpeed="max"/>
    <trip id="68" depart="17060.49" from="10342.0" to="7765" fromTaz="01" toTaz="08" departLane="free" departSpeed="max"/>
    <trip id="88" depart="17075.78" from="6522" to="6515" fromTaz="03" toTaz="11" departLane="free" departSpeed="max"/>
    <trip id="460" depart="17079.47" from="8111" to="1286" fromTaz="10" toTaz="13" departLane="free" departSpeed="max"/>
    <trip id="378" depart="17086.52" from="8111" to="10389" fromTaz="10" toTaz="03" departLane="free" departSpeed="max"/>
    <trip id="294" depart="17090.21" from="8111" to="10389" fromTaz="10" toTaz="03" departLane="free" departSpeed="max"/>
    <trip id="283" depart="17093.17" from="8112" to="10389" fromTaz="10" toTaz="03" departLane="free" departSpeed="max"/>
    <trip id="159" depart="17104.36" from="12527" to="10410" fromTaz="07" toTaz="01" departLane="free" departSpeed="max"/>
    <trip id="347" depart="17105.66" from="8111" to="10389" fromTaz="10" toTaz="03" departLane="free" departSpeed="max"/>
    <trip id="474" depart="17105.77" from="5349" to="10410" fromTaz="11" toTaz="01" departLane="free" departSpeed="max"/>
    <trip id="221" depart="17120.57" from="6483" to="6515" fromTaz="09" toTaz="11" departLane="free" departSpeed="max"/>
    <trip id="431" depart="17122.51" from="8111" to="10389" fromTaz="10" toTaz="03" departLane="free" departSpeed="max"/>
    <trip id="404" depart="17129.90" from="8111" to="10389" fromTaz="10" toTaz="03" departLane="free" departSpeed="max"/>
    <trip id="106" depart="17155.62" from="12405" to="7677" fromTaz="04" toTaz="07" departLane="free" departSpeed="max"/>
    <trip id="400" depart="17168.20" from="8111" to="10389" fromTaz="10" toTaz="03" departLane="free" departSpeed="max"/>
    <trip id="199" depart="17169.21" from="6483" to="7359" fromTaz="09" toTaz="00" departLane="free" departSpeed="max"/>
    <trip id="208" depart="17190.73" from="6483" to="6659" fromTaz="09" toTaz="10" departLane="free" departSpeed="max"/>
    <trip id="355" depart="17196.63" from="8111" to="10389" fromTaz="10" toTaz="03" departLane="free" departSpeed="max"/>
    <trip id="49" depart="17207.46" from="10342.0" to="7359" fromTaz="01" toTaz="00" departLane="free" departSpeed="max"/>
    <trip id="225" depart="17221.36" from="6483" to="1286" fromTaz="09" toTaz="13" departLane="free" departSpeed="max"/>
    <trip id="288" depart="17228.21" from="8111" to="10389" fromTaz="10" toTaz="03" departLane="free" departSpeed="max"/>
    <trip id="440" depart="17231.69" from="8111" to="10389" fromTaz="10" toTaz="03" departLane="free" departSpeed="max"/>
    <trip id="139" depart="17246.98" from="11597" to="10389" fromTaz="06" toTaz="03" departLane="free" departSpeed="max"/>
    <trip id="282" depart="17250.68" from="8111" to="10389" fromTaz="10" toTaz="03" departLane="free" departSpeed="max"/>
    <trip id="66" depart="17253.62" from="10423" to="7677" fromTaz="01" toTaz="07" departLane="free" departSpeed="max"/>
    <trip id="364" depart="17254.70" from="8111" to="10389" fromTaz="10" toTaz="03" departLane="free" departSpeed="max"/>
    <trip id="178" depart="17268.27" from="12527" to="-7573" fromTaz="07" toTaz="12" departLane="free" departSpeed="max"/>
    <trip id="158" depart="17277.51" from="12527" to="7359" fromTaz="07" toTaz="00" departLane="free" departSpeed="max"/>
    <trip id="179" depart="17286.10" from="12527" to="1286" fromTaz="07" toTaz="13" departLane="free" departSpeed="max"/>
    <trip id="37" depart="17296.69" from="7618" to="11548" fromTaz="00" toTaz="06" departLane="free" departSpeed="max"/>
    <trip id="436" depart="17298.37" from="8112" to="10389" fromTaz="10" toTaz="03" departLane="free" departSpeed="max"/>
    <trip id="12" depart="17301.62" from="7617" to="10389" fromTaz="00" toTaz="03" departLane="free" departSpeed="max"/>
    <trip id="85" depart="17313.56" from="6522" to="7533" fromTaz="03" toTaz="09" departLane="free" departSpeed="max"/>
    <trip id="183" depart="17323.50" from="7760" to="10410" fromTaz="08" toTaz="01" departLane="free" departSpeed="max"/>
    <trip id="279" depart="17332.15" from="8111" to="10389" fromTaz="10" toTaz="03" departLane="free" departSpeed="max"/>
    <trip id="226" depart="17336.74" from="6483" to="1286" fromTaz="09" toTaz="13" departLane="free" departSpeed="max"/>
    <trip id="233" depart="17343.29" from="8111" to="7359" fromTaz="10" toTaz="00" departLane="free" departSpeed="max"/>
    <trip id="204" depart="17345.58" from="6483" to="8031" fromTaz="09" toTaz="10" departLane="free" departSpeed="max"/>
    <trip id="4" depart="17350.16" from="7618" to="10394" fromTaz="00" toTaz="02" departLane="free" departSpeed="max"/>
    <trip id="340" depart="17351.65" from="8111" to="10389" fromTaz="10" toTaz="03" departLane="free" departSpeed="max"/>
    <trip id="446" depart="17398.05" from="8111" to="12396" fromTaz="10" toTaz="04" departLane="free" departSpeed="max"/>
    <trip id="219" depart="17408.21" from="6483" to="6515" fromTaz="09" toTaz="11" departLane="free" departSpeed="max"/>
    <trip id="242" depart="17412.32" from="8111" to="7359" fromTaz="10" toTaz="00" departLane="free" departSpeed="max"/>
    <trip id="423" depart="17425.03" from="8111" to="10389" fromTaz="10" toTaz="03" departLane="free" departSpeed="max"/>
    <trip id="311" depart="17438.75" from="8111" to="10389" fromTaz="10" toTaz="03" departLane="free" departSpeed="max"/>
    <trip id="116" depart="17443.58" from="12405" to="1286" fromTaz="04" toTaz="13" departLane="free" departSpeed="max"/>
    <trip id="412" depart="17460.92" from="8111" to="10389" fromTaz="10" toTaz="03" departLane="free" departSpeed="max"/>
    <trip id="317" depart="17465.26" from="8111" to="10389" fromTaz="10" toTaz="03" departLane="free" departSpeed="max"/>
    <trip id="286" depart="17469.26" from="8111" to="10389" fromTaz="10" toTaz="03" departLane="free" departSpeed="max"/>
    <trip id="192" depart="17469.64" from="6483" to="7359" fromTaz="09" toTaz="00" departLane="free" departSpeed="max"/>
    <trip id="109" depart="17476.66" from="12405" to="7533" fromTaz="04" toTaz="09" departLane="free" departSpeed="max"/>
    <trip id="77" depart="17479.57" from="6522" to="7359" fromTaz="03" toTaz="00" departLane="free" departSpeed="max"/>
    <trip id="198" depart="17516.95" from="6483" to="7359" fromTaz="09" toTaz="00" departLane="free" departSpeed="max"/>
    <trip id="254" depart="17517.72" from="8111" to="10394" fromTaz="10" toTaz="02" departLane="free" departSpeed="max"/>
    <trip id="471" depart="17524.59" from="5349" to="7359" fromTaz="11" toTaz="00" departLane="free" departSpeed="max"/>
    <trip id="176" depart="17526.75" from="12527" to="6515" fromTaz="07" toTaz="11" departLane="free" departSpeed="max"/>
    <trip id="256" depart="17541.88" from="8111" to="10394" fromTaz="10" toTaz="02" departLane="free" departSpeed="max"/>
    <trip id="352" depart="17563.48" from="8111" to="10389" fromTaz="10" toTaz="03" departLane="free" departSpeed="max"/>
    <trip id="461" depart="17565.47" from="8111" to="1286" fromTaz="10" toTaz="13" departLane="free" departSpeed="max"/>
    <trip id="22" depart="17581.59" from="7617" to="10389" fromTaz="00" toTaz="03" departLane="free" departSpeed="max"/>
    <trip id="313" depart="17581.81" from="8111" to="10389" fromTaz="10" toTaz="03" departLane="free" departSpeed="max"/>
    <trip id="164" depart="17599.21" from="12527" to="10394" fromTaz="07" toTaz="02" departLane="free" departSpeed="max"/>
    <trip id="434" depart="17600.33" from="8111" to="10389" fromTaz="10" toTaz="03" departLane="free" departSpeed="max"/>
    <trip id="63" depart="17625.98" from="10423" to="11548" fromTaz="01" toTaz="06" departLane="free" departSpeed="max"/>
    <trip id="172" depart="17634.64" from="12527" to="6659" fromTaz="07" toTaz="10" departLane="free" departSpeed="max"/>
    <trip id="368" depart="17641.97" from="8111" to="10389" fromTaz="10" toTaz="03" departLane="free" departSpeed="max"/>
    <trip id="382" depart="17643.40" from="8111" to="10389" fromTaz="10" toTaz="03" departLane="free" departSpeed="max"/>
    <trip id="84" depart="17646.45" from="6522" to="7765" fromTaz="03" toTaz="08" departLane="free" departSpeed="max"/>
    <trip id="278" depart="17653.84" from="8111" to="10389" fromTaz="10" toTaz="03" departLane="free" departSpeed="max"/>
    <trip id="95" depart="17654.36" from="12405" to="7359" fromTaz="04" toTaz="00" departLane="free" departSpeed="max"/>
    <trip id="358" depart="17659.43" from="8111" to="10389" fromTaz="10" toTaz="03" departLane="free" departSpeed="max"/>
    <trip id="337" depart="17661.34" from="8111" to="10389" fromTaz="10" toTaz="03" departLane="free" departSpeed="max"/>
    <trip id="223" depart="17662.76" from="6483" to="6515" fromTaz="09" toTaz="11" departLane="free" departSpeed="max"/>
    <trip id="408" depart="17663.73" from="8111" to="10389" fromTaz="10" toTaz="03" departLane="free" departSpeed="max"/>
    <trip id="326" depart="17666.24" from="8111" to="10389" fromTaz="10" toTaz="03" departLane="free" departSpeed="max"/>
    <trip id="182" depart="17673.48" from="7760" to="10410" fromTaz="08" toTaz="01" departLane="free" departSpeed="max"/>
    <trip id="318" depart="17674.93" from="8112" to="10389" fromTaz="10" toTaz="03" departLane="free" departSpeed="max"/>
    <trip id="87" depart="17680.64" from="6522" to="6515" fromTaz="03" toTaz="11" departLane="free" departSpeed="max"/>
    <trip id="462" depart="17680.83" from="8111" to="1286" fromTaz="10" toTaz="13" departLane="free" departSpeed="max"/>
    <trip id="123" depart="17682.68" from="12004" to="7677" fromTaz="05" toTaz="07" departLane="free" departSpeed="max"/>
    <trip id="186" depart="17691.62" from="7760" to="10389" fromTaz="08" toTaz="03" departLane="free" departSpeed="max"/>
    <trip id="118" depart="17697.18" from="12004" to="7359" fromTaz="05" toTaz="00" departLane="free" departSpeed="max"/>
    <trip id="456" depart="17699.34" from="8111" to="6515" fromTaz="10" toTaz="11" departLane="free" departSpeed="max"/>
    <trip id="407" depart="17708.90" from="8111" to="10389" fromTaz="10" toTaz="03" departLane="free" departSpeed="max"/>
    <trip id="149" depart="17716.85" from="11597" to="6515" fromTaz="06" toTaz="11" departLane="free" departSpeed="max"/>
    <trip id="72" depart="17735.08" from="10342.0" to="6515" fromTaz="01" toTaz="11" departLane="free" departSpeed="max"/>
    <trip id="238" depart="17748.88" from="8111" to="7359" fromTaz="10" toTaz="00" departLane="free" departSpeed="max"/>
    <trip id="303" depart="17751.02" from="8111" to="10389" fromTaz="10" toTaz="03" departLane="free" departSpeed="max"/>
    <trip id="380" depart="17768.75" from="8111" to="10389" fromTaz="10" toTaz="03" departLane="free" departSpeed="max"/>
    <trip id="163" depart="17774.33" from="12527" to="10394" fromTaz="07" toTaz="02" departLane="free" departSpeed="max"/>
    <trip id="166" depart="17774.99" from="12527" to="10389" fromTaz="07" toTaz="03" departLane="free" departSpeed="max"/>
    <trip id="229" depart="17777.90" from="8111" to="7359" fromTaz="10" toTaz="00" departLane="free" departSpeed="max"/>
    <trip id="399" depart="17781.02" from="8111" to="10389" fromTaz="10" toTaz="03" departLane="free" departSpeed="max"/>
    <trip id="30" depart="17781.69" from="7617" to="10389" fromTaz="00" toTaz="03" departLane="free" departSpeed="max"/>
    <trip id="195" depart="17785.87" from="6483" to="7359" fromTaz="09" toTaz="00" departLane="free" departSpeed="max"/>
    <trip id="325" depart="17789.24" from="8111" to="10389" fromTaz="10" toTaz="03" departLane="free" departSpeed="max"/>
    <trip id="50" depart="17825.09" from="10342.0" to="10394" fromTaz="01" toTaz="02" departLane="free" departSpeed="max"/>
    <trip id="168" depart="17826.28" from="12527" to="12093" fromTaz="07" toTaz="05" departLane="free" departSpeed="max"/>
    <trip id="260" depart="17830.00" from="8111" to="10389" fromTaz="10" toTaz="03" departLane="free" departSpeed="max"/>
    <trip id="336" depart="17852.46" from="8111" to="10389" fromTaz="10" toTaz="03" departLane="free" departSpeed="max"/>
    <trip id="392" depart="17854.58" from="8111" to="10389" fromTaz="10" toTaz="03" departLane="free" departSpeed="max"/>
    <trip id="314" depart="17868.15" from="8111" to="10389" fromTaz="10" toTaz="03" departLane="free" departSpeed="max"/>
    <trip id="383" depart="17876.09" from="8111" to="10389" fromTaz="10" toTaz="03" departLane="free" departSpeed="max"/>
    <trip id="324" depart="17890.81" from="8111" to="10389" fromTaz="10" toTaz="03" departLane="free" departSpeed="max"/>
    <trip id="205" depart="17898.49" from="6483" to="6659" fromTaz="09" toTaz="10" departLane="free" departSpeed="max"/>
    <trip id="189" depart="17905.64" from="7760" to="1286" fromTaz="08" toTaz="13" departLane="free" departSpeed="max"/>
    <trip id="231" depart="17908.99" from="8111" to="7359" fromTaz="10" toTaz="00" departLane="free" departSpeed="max"/>
    <trip id="128" depart="17908.99" from="12004" to="6515" fromTaz="05" toTaz="11" departLane="free" departSpeed="max"/>
    <trip id="397" depart="17945.62" from="8111" to="10389" fromTaz="10" toTaz="03" departLane="free" departSpeed="max"/>
    <trip id="177" depart="17951.77" from="12527" to="-7573" fromTaz="07" toTaz="12" departLane="free" departSpeed="max"/>
    <trip id="190" depart="17963.04" from="7760" to="1286" fromTaz="08" toTaz="13" departLane="free" departSpeed="max"/>
    <trip id="9" depart="17965.79" from="7617" to="10389" fromTaz="00" toTaz="03" departLane="free" departSpeed="max"/>
    <trip id="96" depart="17967.26" from="12405" to="7359" fromTaz="04" toTaz="00" departLane="free" departSpeed="max"/>
    <trip id="449" depart="17971.95" from="8111" to="6515" fromTaz="10" toTaz="11" departLane="free" departSpeed="max"/>
    <trip id="246" depart="17979.37" from="8112" to="10394" fromTaz="10" toTaz="02" departLane="free" departSpeed="max"/>
    <trip id="435" depart="17992.73" from="8111" to="10389" fromTaz="10" toTaz="03" departLane="free" departSpeed="max"/>
</routes>
