<?xml version="1.0" encoding="UTF-8"?>

<!-- generated on 2021-07-06 17:28:15 by Eclipse SUMO od2trips Version v1_9_2+0269-1a3e5af8ed
<configuration xmlns:xsi="http://www.w3.org/2001/XMLSchema-instance" xsi:noNamespaceSchemaLocation="http://sumo.dlr.de/xsd/od2tripsConfiguration.xsd">

    <input>
        <taz-files value="../TAZ/gharrafa_taz.xml"/>
        <od-matrix-files value="gharrafaMatOD_3-4_R1"/>
    </input>

    <output>
        <output-file value="gha_trips_3-4_R1.rou.xml"/>
    </output>

</configuration>
-->

<routes xmlns:xsi="http://www.w3.org/2001/XMLSchema-instance" xsi:noNamespaceSchemaLocation="http://sumo.dlr.de/xsd/routes_file.xsd">
    <trip id="258" depart="10802.83" from="8111" to="10389" fromTaz="10" toTaz="03" departLane="free" departSpeed="max"/>
    <trip id="221" depart="10811.12" from="8111" to="10394" fromTaz="10" toTaz="02" departLane="free" departSpeed="max"/>
    <trip id="149" depart="10813.05" from="12527" to="12396" fromTaz="07" toTaz="04" departLane="free" departSpeed="max"/>
    <trip id="64" depart="10813.56" from="6522" to="10394" fromTaz="03" toTaz="02" departLane="free" departSpeed="max"/>
    <trip id="362" depart="10820.24" from="5349" to="10394" fromTaz="11" toTaz="02" departLane="free" departSpeed="max"/>
    <trip id="177" depart="10836.86" from="6483" to="7359" fromTaz="09" toTaz="00" departLane="free" departSpeed="max"/>
    <trip id="125" depart="10839.03" from="11597" to="12396" fromTaz="06" toTaz="04" departLane="free" departSpeed="max"/>
    <trip id="88" depart="10847.01" from="12405" to="10394" fromTaz="04" toTaz="02" departLane="free" departSpeed="max"/>
    <trip id="5" depart="10855.65" from="7617" to="10394" fromTaz="00" toTaz="02" departLane="free" departSpeed="max"/>
    <trip id="347" depart="10890.56" from="8111" to="-7573" fromTaz="10" toTaz="12" departLane="free" departSpeed="max"/>
    <trip id="156" depart="10894.84" from="12527" to="6515" fromTaz="07" toTaz="11" departLane="free" departSpeed="max"/>
    <trip id="200" depart="10901.43" from="6483" to="1286" fromTaz="09" toTaz="13" departLane="free" departSpeed="max"/>
    <trip id="341" depart="10907.93" from="8111" to="6515" fromTaz="10" toTaz="11" departLane="free" departSpeed="max"/>
    <trip id="369" depart="10911.65" from="1153" to="7359" fromTaz="12" toTaz="00" departLane="free" departSpeed="max"/>
    <trip id="344" depart="10914.89" from="8111" to="6515" fromTaz="10" toTaz="11" departLane="free" departSpeed="max"/>
    <trip id="114" depart="10916.59" from="12004" to="8031" fromTaz="05" toTaz="10" departLane="free" departSpeed="max"/>
    <trip id="120" depart="10928.54" from="11597" to="10410" fromTaz="06" toTaz="01" departLane="free" departSpeed="max"/>
    <trip id="172" depart="10936.66" from="6483" to="7359" fromTaz="09" toTaz="00" departLane="free" departSpeed="max"/>
    <trip id="162" depart="10939.18" from="7760" to="7359" fromTaz="08" toTaz="00" departLane="free" departSpeed="max"/>
    <trip id="293" depart="10950.40" from="8111" to="10389" fromTaz="10" toTaz="03" departLane="free" departSpeed="max"/>
    <trip id="18" depart="10963.02" from="7617" to="10389" fromTaz="00" toTaz="03" departLane="free" departSpeed="max"/>
    <trip id="201" depart="10970.05" from="8111" to="7359" fromTaz="10" toTaz="00" departLane="free" departSpeed="max"/>
    <trip id="67" depart="10986.01" from="6522" to="10389" fromTaz="03" toTaz="03" departLane="free" departSpeed="max"/>
    <trip id="44" depart="10988.13" from="10342.0" to="10394" fromTaz="01" toTaz="02" departLane="free" departSpeed="max"/>
    <trip id="231" depart="11002.95" from="8111" to="10389" fromTaz="10" toTaz="03" departLane="free" departSpeed="max"/>
    <trip id="58" depart="11007.72" from="10423" to="8031" fromTaz="01" toTaz="10" departLane="free" departSpeed="max"/>
    <trip id="308" depart="11008.04" from="8111" to="10389" fromTaz="10" toTaz="03" departLane="free" departSpeed="max"/>
    <trip id="78" depart="11009.51" from="6522" to="6515" fromTaz="03" toTaz="11" departLane="free" departSpeed="max"/>
    <trip id="371" depart="11020.27" from="1153" to="10410" fromTaz="12" toTaz="01" departLane="free" departSpeed="max"/>
    <trip id="239" depart="11022.36" from="8111" to="10389" fromTaz="10" toTaz="03" departLane="free" departSpeed="max"/>
    <trip id="26" depart="11038.38" from="7617" to="11548" fromTaz="00" toTaz="06" departLane="free" departSpeed="max"/>
    <trip id="249" depart="11044.16" from="8111" to="10389" fromTaz="10" toTaz="03" departLane="free" departSpeed="max"/>
    <trip id="331" depart="11080.53" from="8111" to="10389" fromTaz="10" toTaz="03" departLane="free" departSpeed="max"/>
    <trip id="176" depart="11092.21" from="6483" to="7359" fromTaz="09" toTaz="00" departLane="free" departSpeed="max"/>
    <trip id="243" depart="11105.15" from="8111" to="10389" fromTaz="10" toTaz="03" departLane="free" departSpeed="max"/>
    <trip id="113" depart="11111.58" from="12004" to="7533" fromTaz="05" toTaz="09" departLane="free" departSpeed="max"/>
    <trip id="235" depart="11112.98" from="8111" to="10389" fromTaz="10" toTaz="03" departLane="free" departSpeed="max"/>
    <trip id="73" depart="11119.61" from="6522" to="7765" fromTaz="03" toTaz="08" departLane="free" departSpeed="max"/>
    <trip id="301" depart="11120.66" from="8111" to="10389" fromTaz="10" toTaz="03" departLane="free" departSpeed="max"/>
    <trip id="137" depart="11121.07" from="12527" to="7359" fromTaz="07" toTaz="00" departLane="free" departSpeed="max"/>
    <trip id="318" depart="11127.86" from="8111" to="10389" fromTaz="10" toTaz="03" departLane="free" departSpeed="max"/>
    <trip id="370" depart="11131.23" from="1153" to="10410" fromTaz="12" toTaz="01" departLane="free" departSpeed="max"/>
    <trip id="195" depart="11137.63" from="6483" to="6515" fromTaz="09" toTaz="11" departLane="free" departSpeed="max"/>
    <trip id="343" depart="11140.73" from="8111" to="6515" fromTaz="10" toTaz="11" departLane="free" departSpeed="max"/>
    <trip id="163" depart="11149.67" from="7760" to="10410" fromTaz="08" toTaz="01" departLane="free" departSpeed="max"/>
    <trip id="47" depart="11153.09" from="10423" to="12396" fromTaz="01" toTaz="04" departLane="free" departSpeed="max"/>
    <trip id="48" depart="11163.29" from="10423" to="12396" fromTaz="01" toTaz="04" departLane="free" departSpeed="max"/>
    <trip id="364" depart="11168.31" from="5349" to="10389" fromTaz="11" toTaz="03" departLane="free" departSpeed="max"/>
    <trip id="102" depart="11170.79" from="12405" to="1286" fromTaz="04" toTaz="13" departLane="free" departSpeed="max"/>
    <trip id="325" depart="11182.07" from="8111" to="10389" fromTaz="10" toTaz="03" departLane="free" departSpeed="max"/>
    <trip id="86" depart="11197.95" from="12405" to="10410" fromTaz="04" toTaz="01" departLane="free" departSpeed="max"/>
    <trip id="7" depart="11201.49" from="7617" to="10389" fromTaz="00" toTaz="03" departLane="free" departSpeed="max"/>
    <trip id="274" depart="11222.38" from="8111" to="10389" fromTaz="10" toTaz="03" departLane="free" departSpeed="max"/>
    <trip id="32" depart="11223.68" from="7617" to="7677" fromTaz="00" toTaz="07" departLane="free" departSpeed="max"/>
    <trip id="151" depart="11226.92" from="12527" to="7533" fromTaz="07" toTaz="09" departLane="free" departSpeed="max"/>
    <trip id="29" depart="11233.87" from="7617" to="11548" fromTaz="00" toTaz="06" departLane="free" departSpeed="max"/>
    <trip id="25" depart="11236.43" from="7617" to="11548" fromTaz="00" toTaz="06" departLane="free" departSpeed="max"/>
    <trip id="234" depart="11246.89" from="8111" to="10389" fromTaz="10" toTaz="03" departLane="free" departSpeed="max"/>
    <trip id="45" depart="11248.25" from="10342.0" to="10394" fromTaz="01" toTaz="02" departLane="free" departSpeed="max"/>
    <trip id="169" depart="11262.52" from="7760" to="1286" fromTaz="08" toTaz="13" departLane="free" departSpeed="max"/>
    <trip id="183" depart="11264.16" from="6483" to="8031" fromTaz="09" toTaz="10" departLane="free" departSpeed="max"/>
    <trip id="1" depart="11276.94" from="7617" to="10394" fromTaz="00" toTaz="02" departLane="free" departSpeed="max"/>
    <trip id="246" depart="11290.44" from="8111" to="10389" fromTaz="10" toTaz="03" departLane="free" departSpeed="max"/>
    <trip id="159" depart="11305.51" from="12527" to="-7573" fromTaz="07" toTaz="12" departLane="free" departSpeed="max"/>
    <trip id="219" depart="11341.29" from="8111" to="10410" fromTaz="10" toTaz="01" departLane="free" departSpeed="max"/>
    <trip id="311" depart="11373.43" from="8111" to="10389" fromTaz="10" toTaz="03" departLane="free" departSpeed="max"/>
    <trip id="157" depart="11374.15" from="12527" to="-7573" fromTaz="07" toTaz="12" departLane="free" departSpeed="max"/>
    <trip id="57" depart="11387.91" from="10423" to="6659" fromTaz="01" toTaz="10" departLane="free" departSpeed="max"/>
    <trip id="368" depart="11417.73" from="1153" to="7359" fromTaz="12" toTaz="00" departLane="free" departSpeed="max"/>
    <trip id="72" depart="11420.30" from="6522" to="7765" fromTaz="03" toTaz="08" departLane="free" departSpeed="max"/>
    <trip id="365" depart="11435.18" from="5349" to="-7573" fromTaz="11" toTaz="12" departLane="free" departSpeed="max"/>
    <trip id="241" depart="11440.55" from="8111" to="10389" fromTaz="10" toTaz="03" departLane="free" departSpeed="max"/>
    <trip id="271" depart="11463.46" from="8111" to="10389" fromTaz="10" toTaz="03" departLane="free" departSpeed="max"/>
    <trip id="268" depart="11465.77" from="8111" to="10389" fromTaz="10" toTaz="03" departLane="free" departSpeed="max"/>
    <trip id="252" depart="11466.97" from="8112" to="10389" fromTaz="10" toTaz="03" departLane="free" departSpeed="max"/>
    <trip id="14" depart="11474.42" from="7617" to="10389" fromTaz="00" toTaz="03" departLane="free" departSpeed="max"/>
    <trip id="307" depart="11475.61" from="8111" to="10389" fromTaz="10" toTaz="03" departLane="free" departSpeed="max"/>
    <trip id="154" depart="11476.92" from="12527" to="6515" fromTaz="07" toTaz="11" departLane="free" departSpeed="max"/>
    <trip id="104" depart="11497.79" from="12004" to="7359" fromTaz="05" toTaz="00" departLane="free" departSpeed="max"/>
    <trip id="284" depart="11500.29" from="8111" to="10389" fromTaz="10" toTaz="03" departLane="free" departSpeed="max"/>
    <trip id="63" depart="11502.02" from="6522" to="7359" fromTaz="03" toTaz="00" departLane="free" departSpeed="max"/>
    <trip id="16" depart="11524.95" from="7617" to="10389" fromTaz="00" toTaz="03" departLane="free" departSpeed="max"/>
    <trip id="206" depart="11535.11" from="8111" to="7359" fromTaz="10" toTaz="00" departLane="free" departSpeed="max"/>
    <trip id="185" depart="11535.71" from="6483" to="6515" fromTaz="09" toTaz="11" departLane="free" departSpeed="max"/>
    <trip id="309" depart="11544.62" from="8111" to="10389" fromTaz="10" toTaz="03" departLane="free" departSpeed="max"/>
    <trip id="3" depart="11554.69" from="7617" to="10394" fromTaz="00" toTaz="02" departLane="free" departSpeed="max"/>
    <trip id="300" depart="11563.08" from="8111" to="10389" fromTaz="10" toTaz="03" departLane="free" departSpeed="max"/>
    <trip id="13" depart="11564.28" from="7618" to="10389" fromTaz="00" toTaz="03" departLane="free" departSpeed="max"/>
    <trip id="75" depart="11565.40" from="6522" to="8031" fromTaz="03" toTaz="10" departLane="free" departSpeed="max"/>
    <trip id="96" depart="11587.08" from="12405" to="7533" fromTaz="04" toTaz="09" departLane="free" departSpeed="max"/>
    <trip id="40" depart="11590.51" from="10423" to="10394" fromTaz="01" toTaz="02" departLane="free" departSpeed="max"/>
    <trip id="52" depart="11590.89" from="10423" to="11548" fromTaz="01" toTaz="06" departLane="free" departSpeed="max"/>
    <trip id="367" depart="11593.66" from="5349" to="1286" fromTaz="11" toTaz="13" departLane="free" departSpeed="max"/>
    <trip id="131" depart="11609.06" from="11597" to="6515" fromTaz="06" toTaz="11" departLane="free" departSpeed="max"/>
    <trip id="8" depart="11619.88" from="7617" to="10389" fromTaz="00" toTaz="03" departLane="free" departSpeed="max"/>
    <trip id="123" depart="11635.99" from="11597" to="10389" fromTaz="06" toTaz="03" departLane="free" departSpeed="max"/>
    <trip id="121" depart="11636.65" from="11597" to="10410" fromTaz="06" toTaz="01" departLane="free" departSpeed="max"/>
    <trip id="287" depart="11637.30" from="8111" to="10389" fromTaz="10" toTaz="03" departLane="free" departSpeed="max"/>
    <trip id="251" depart="11638.12" from="8111" to="10389" fromTaz="10" toTaz="03" departLane="free" departSpeed="max"/>
    <trip id="23" depart="11642.52" from="7617" to="10389" fromTaz="00" toTaz="03" departLane="free" departSpeed="max"/>
    <trip id="349" depart="11645.46" from="8111" to="1286" fromTaz="10" toTaz="13" departLane="free" departSpeed="max"/>
    <trip id="91" depart="11659.60" from="12405" to="12093" fromTaz="04" toTaz="05" departLane="free" departSpeed="max"/>
    <trip id="283" depart="11661.23" from="8111" to="10389" fromTaz="10" toTaz="03" departLane="free" departSpeed="max"/>
    <trip id="15" depart="11669.60" from="7618" to="10389" fromTaz="00" toTaz="03" departLane="free" departSpeed="max"/>
    <trip id="247" depart="11669.73" from="8111" to="10389" fromTaz="10" toTaz="03" departLane="free" departSpeed="max"/>
    <trip id="354" depart="11670.97" from="5349" to="7359" fromTaz="11" toTaz="00" departLane="free" departSpeed="max"/>
    <trip id="152" depart="11673.90" from="12527" to="8031" fromTaz="07" toTaz="10" departLane="free" departSpeed="max"/>
    <trip id="267" depart="11684.88" from="8111" to="10389" fromTaz="10" toTaz="03" departLane="free" departSpeed="max"/>
    <trip id="312" depart="11687.94" from="8111" to="10389" fromTaz="10" toTaz="03" departLane="free" departSpeed="max"/>
    <trip id="55" depart="11691.90" from="10342.0" to="7765" fromTaz="01" toTaz="08" departLane="free" departSpeed="max"/>
    <trip id="11" depart="11712.02" from="7618" to="10389" fromTaz="00" toTaz="03" departLane="free" departSpeed="max"/>
    <trip id="138" depart="11713.45" from="12527" to="7359" fromTaz="07" toTaz="00" departLane="free" departSpeed="max"/>
    <trip id="153" depart="11713.53" from="12527" to="6659" fromTaz="07" toTaz="10" departLane="free" departSpeed="max"/>
    <trip id="168" depart="11746.82" from="7760" to="1286" fromTaz="08" toTaz="13" departLane="free" departSpeed="max"/>
    <trip id="346" depart="11753.74" from="8111" to="6515" fromTaz="10" toTaz="11" departLane="free" departSpeed="max"/>
    <trip id="303" depart="11754.16" from="8111" to="10389" fromTaz="10" toTaz="03" departLane="free" departSpeed="max"/>
    <trip id="39" depart="11765.56" from="10342.0" to="10394" fromTaz="01" toTaz="02" departLane="free" departSpeed="max"/>
    <trip id="28" depart="11772.03" from="7618" to="11548" fromTaz="00" toTaz="06" departLane="free" departSpeed="max"/>
    <trip id="253" depart="11806.70" from="8111" to="10389" fromTaz="10" toTaz="03" departLane="free" departSpeed="max"/>
    <trip id="140" depart="11810.05" from="12527" to="7359" fromTaz="07" toTaz="00" departLane="free" departSpeed="max"/>
    <trip id="351" depart="11832.88" from="5349" to="7359" fromTaz="11" toTaz="00" departLane="free" departSpeed="max"/>
    <trip id="332" depart="11855.06" from="8111" to="10389" fromTaz="10" toTaz="03" departLane="free" departSpeed="max"/>
    <trip id="132" depart="11861.75" from="11597" to="-7573" fromTaz="06" toTaz="12" departLane="free" departSpeed="max"/>
    <trip id="217" depart="11882.06" from="8111" to="7359" fromTaz="10" toTaz="00" departLane="free" departSpeed="max"/>
    <trip id="10" depart="11886.27" from="7617" to="10389" fromTaz="00" toTaz="03" departLane="free" departSpeed="max"/>
    <trip id="182" depart="11888.28" from="6483" to="8031" fromTaz="09" toTaz="10" departLane="free" departSpeed="max"/>
    <trip id="128" depart="11903.27" from="11597" to="8031" fromTaz="06" toTaz="10" departLane="free" departSpeed="max"/>
    <trip id="294" depart="11908.54" from="8111" to="10389" fromTaz="10" toTaz="03" departLane="free" departSpeed="max"/>
    <trip id="27" depart="11918.06" from="7617" to="11548" fromTaz="00" toTaz="06" departLane="free" departSpeed="max"/>
    <trip id="273" depart="11944.44" from="8111" to="10389" fromTaz="10" toTaz="03" departLane="free" departSpeed="max"/>
    <trip id="261" depart="11951.30" from="8111" to="10389" fromTaz="10" toTaz="03" departLane="free" departSpeed="max"/>
    <trip id="103" depart="11962.90" from="12004" to="7359" fromTaz="05" toTaz="00" departLane="free" departSpeed="max"/>
    <trip id="304" depart="11979.20" from="8111" to="10389" fromTaz="10" toTaz="03" departLane="free" departSpeed="max"/>
    <trip id="89" depart="12023.00" from="12405" to="10389" fromTaz="04" toTaz="03" departLane="free" departSpeed="max"/>
    <trip id="71" depart="12029.13" from="6522" to="7677" fromTaz="03" toTaz="07" departLane="free" departSpeed="max"/>
    <trip id="292" depart="12029.91" from="8111" to="10389" fromTaz="10" toTaz="03" departLane="free" departSpeed="max"/>
    <trip id="145" depart="12038.62" from="12527" to="10394" fromTaz="07" toTaz="02" departLane="free" departSpeed="max"/>
    <trip id="87" depart="12066.86" from="12405" to="10410" fromTaz="04" toTaz="01" departLane="free" departSpeed="max"/>
    <trip id="204" depart="12099.24" from="8111" to="7359" fromTaz="10" toTaz="00" departLane="free" departSpeed="max"/>
    <trip id="34" depart="12102.21" from="7617" to="7677" fromTaz="00" toTaz="07" departLane="free" departSpeed="max"/>
    <trip id="112" depart="12103.15" from="12004" to="7803" fromTaz="05" toTaz="09" departLane="free" departSpeed="max"/>
    <trip id="81" depart="12112.47" from="6522" to="6515" fromTaz="03" toTaz="11" departLane="free" departSpeed="max"/>
    <trip id="222" depart="12112.62" from="8111" to="10394" fromTaz="10" toTaz="02" departLane="free" departSpeed="max"/>
    <trip id="69" depart="12120.54" from="6522" to="10389" fromTaz="03" toTaz="03" departLane="free" departSpeed="max"/>
    <trip id="130" depart="12132.47" from="11597" to="6515" fromTaz="06" toTaz="11" departLane="free" departSpeed="max"/>
    <trip id="305" depart="12135.69" from="8111" to="10389" fromTaz="10" toTaz="03" departLane="free" departSpeed="max"/>
    <trip id="124" depart="12159.91" from="11597" to="10389" fromTaz="06" toTaz="03" departLane="free" departSpeed="max"/>
    <trip id="116" depart="12164.10" from="12004" to="6515" fromTaz="05" toTaz="11" departLane="free" departSpeed="max"/>
    <trip id="164" depart="12182.60" from="7760" to="10394" fromTaz="08" toTaz="02" departLane="free" departSpeed="max"/>
    <trip id="277" depart="12194.65" from="8111" to="10389" fromTaz="10" toTaz="03" departLane="free" departSpeed="max"/>
    <trip id="230" depart="12196.20" from="8111" to="10389" fromTaz="10" toTaz="03" departLane="free" departSpeed="max"/>
    <trip id="216" depart="12196.33" from="8111" to="7359" fromTaz="10" toTaz="00" departLane="free" departSpeed="max"/>
    <trip id="119" depart="12199.14" from="11597" to="7359" fromTaz="06" toTaz="00" departLane="free" departSpeed="max"/>
    <trip id="94" depart="12203.44" from="12405" to="7765" fromTaz="04" toTaz="08" departLane="free" departSpeed="max"/>
    <trip id="92" depart="12212.16" from="12405" to="7677" fromTaz="04" toTaz="07" departLane="free" departSpeed="max"/>
    <trip id="150" depart="12246.36" from="12527" to="7803" fromTaz="07" toTaz="09" departLane="free" departSpeed="max"/>
    <trip id="41" depart="12248.42" from="10423" to="10394" fromTaz="01" toTaz="02" departLane="free" departSpeed="max"/>
    <trip id="302" depart="12254.20" from="8111" to="10389" fromTaz="10" toTaz="03" departLane="free" departSpeed="max"/>
    <trip id="334" depart="12273.07" from="8111" to="10389" fromTaz="10" toTaz="03" departLane="free" departSpeed="max"/>
    <trip id="310" depart="12276.93" from="8111" to="10389" fromTaz="10" toTaz="03" departLane="free" departSpeed="max"/>
    <trip id="350" depart="12280.20" from="8111" to="1286" fromTaz="10" toTaz="13" departLane="free" departSpeed="max"/>
    <trip id="237" depart="12314.14" from="8111" to="10389" fromTaz="10" toTaz="03" departLane="free" departSpeed="max"/>
    <trip id="147" depart="12337.58" from="12527" to="10394" fromTaz="07" toTaz="02" departLane="free" departSpeed="max"/>
    <trip id="319" depart="12383.90" from="8111" to="10389" fromTaz="10" toTaz="03" departLane="free" departSpeed="max"/>
    <trip id="356" depart="12384.35" from="5349" to="7359" fromTaz="11" toTaz="00" departLane="free" departSpeed="max"/>
    <trip id="146" depart="12393.62" from="12527" to="10394" fromTaz="07" toTaz="02" departLane="free" departSpeed="max"/>
    <trip id="214" depart="12398.65" from="8111" to="7359" fromTaz="10" toTaz="00" departLane="free" departSpeed="max"/>
    <trip id="143" depart="12409.33" from="12527" to="10410" fromTaz="07" toTaz="01" departLane="free" departSpeed="max"/>
    <trip id="357" depart="12420.17" from="5349" to="7359" fromTaz="11" toTaz="00" departLane="free" departSpeed="max"/>
    <trip id="95" depart="12431.96" from="12405" to="7533" fromTaz="04" toTaz="09" departLane="free" departSpeed="max"/>
    <trip id="21" depart="12451.42" from="7617" to="10389" fromTaz="00" toTaz="03" departLane="free" departSpeed="max"/>
    <trip id="53" depart="12469.56" from="10423" to="7677" fromTaz="01" toTaz="07" departLane="free" departSpeed="max"/>
    <trip id="269" depart="12479.21" from="8111" to="10389" fromTaz="10" toTaz="03" departLane="free" departSpeed="max"/>
    <trip id="174" depart="12482.30" from="6483" to="7359" fromTaz="09" toTaz="00" departLane="free" departSpeed="max"/>
    <trip id="141" depart="12482.52" from="12527" to="7359" fromTaz="07" toTaz="00" departLane="free" departSpeed="max"/>
    <trip id="372" depart="12489.25" from="1153" to="10410" fromTaz="12" toTaz="01" departLane="free" departSpeed="max"/>
    <trip id="211" depart="12490.02" from="8111" to="7359" fromTaz="10" toTaz="00" departLane="free" departSpeed="max"/>
    <trip id="272" depart="12534.61" from="8111" to="10389" fromTaz="10" toTaz="03" departLane="free" departSpeed="max"/>
    <trip id="160" depart="12539.14" from="12527" to="1286" fromTaz="07" toTaz="13" departLane="free" departSpeed="max"/>
    <trip id="218" depart="12539.26" from="8111" to="10410" fromTaz="10" toTaz="01" departLane="free" departSpeed="max"/>
    <trip id="264" depart="12543.04" from="8111" to="10389" fromTaz="10" toTaz="03" departLane="free" departSpeed="max"/>
    <trip id="279" depart="12562.21" from="8111" to="10389" fromTaz="10" toTaz="03" departLane="free" departSpeed="max"/>
    <trip id="207" depart="12575.13" from="8111" to="7359" fromTaz="10" toTaz="00" departLane="free" departSpeed="max"/>
    <trip id="313" depart="12582.15" from="8111" to="10389" fromTaz="10" toTaz="03" departLane="free" departSpeed="max"/>
    <trip id="233" depart="12609.77" from="8111" to="10389" fromTaz="10" toTaz="03" departLane="free" departSpeed="max"/>
    <trip id="213" depart="12612.21" from="8111" to="7359" fromTaz="10" toTaz="00" departLane="free" departSpeed="max"/>
    <trip id="46" depart="12622.07" from="10423" to="12396" fromTaz="01" toTaz="04" departLane="free" departSpeed="max"/>
    <trip id="99" depart="12624.13" from="12405" to="6659" fromTaz="04" toTaz="10" departLane="free" departSpeed="max"/>
    <trip id="290" depart="12635.10" from="8111" to="10389" fromTaz="10" toTaz="03" departLane="free" departSpeed="max"/>
    <trip id="330" depart="12636.13" from="8111" to="10389" fromTaz="10" toTaz="03" departLane="free" departSpeed="max"/>
    <trip id="298" depart="12641.56" from="8111" to="10389" fromTaz="10" toTaz="03" departLane="free" departSpeed="max"/>
    <trip id="2" depart="12647.70" from="7617" to="10394" fromTaz="00" toTaz="02" departLane="free" departSpeed="max"/>
    <trip id="17" depart="12648.48" from="7618" to="10389" fromTaz="00" toTaz="03" departLane="free" departSpeed="max"/>
    <trip id="109" depart="12649.67" from="12004" to="11548" fromTaz="05" toTaz="06" departLane="free" departSpeed="max"/>
    <trip id="107" depart="12651.07" from="12004" to="10394" fromTaz="05" toTaz="02" departLane="free" departSpeed="max"/>
    <trip id="165" depart="12664.68" from="7760" to="10394" fromTaz="08" toTaz="02" departLane="free" departSpeed="max"/>
    <trip id="181" depart="12686.26" from="6483" to="8031" fromTaz="09" toTaz="10" departLane="free" departSpeed="max"/>
    <trip id="83" depart="12710.64" from="6522" to="1286" fromTaz="03" toTaz="13" departLane="free" departSpeed="max"/>
    <trip id="180" depart="12714.90" from="6483" to="8031" fromTaz="09" toTaz="10" departLane="free" departSpeed="max"/>
    <trip id="24" depart="12743.63" from="7617" to="10389" fromTaz="00" toTaz="03" departLane="free" departSpeed="max"/>
    <trip id="256" depart="12754.95" from="8111" to="10389" fromTaz="10" toTaz="03" departLane="free" departSpeed="max"/>
    <trip id="373" depart="12764.74" from="1153" to="1286" fromTaz="12" toTaz="13" departLane="free" departSpeed="max"/>
    <trip id="336" depart="12767.90" from="8112" to="12396" fromTaz="10" toTaz="04" departLane="free" departSpeed="max"/>
    <trip id="54" depart="12772.95" from="10342.0" to="7677" fromTaz="01" toTaz="07" departLane="free" departSpeed="max"/>
    <trip id="322" depart="12795.57" from="8111" to="10389" fromTaz="10" toTaz="03" departLane="free" departSpeed="max"/>
    <trip id="51" depart="12838.37" from="10342.0" to="11548" fromTaz="01" toTaz="06" departLane="free" departSpeed="max"/>
    <trip id="12" depart="12839.96" from="7617" to="10389" fromTaz="00" toTaz="03" departLane="free" departSpeed="max"/>
    <trip id="323" depart="12879.27" from="8111" to="10389" fromTaz="10" toTaz="03" departLane="free" departSpeed="max"/>
    <trip id="262" depart="12890.70" from="8111" to="10389" fromTaz="10" toTaz="03" departLane="free" departSpeed="max"/>
    <trip id="43" depart="12892.86" from="10423" to="10394" fromTaz="01" toTaz="02" departLane="free" departSpeed="max"/>
    <trip id="135" depart="12898.31" from="11597" to="1286" fromTaz="06" toTaz="13" departLane="free" departSpeed="max"/>
    <trip id="76" depart="12901.00" from="6522" to="6659" fromTaz="03" toTaz="10" departLane="free" departSpeed="max"/>
    <trip id="280" depart="12934.26" from="8111" to="10389" fromTaz="10" toTaz="03" departLane="free" departSpeed="max"/>
    <trip id="255" depart="12936.58" from="8111" to="10389" fromTaz="10" toTaz="03" departLane="free" departSpeed="max"/>
    <trip id="260" depart="12950.38" from="8111" to="10389" fromTaz="10" toTaz="03" departLane="free" departSpeed="max"/>
    <trip id="56" depart="12960.73" from="10423" to="7533" fromTaz="01" toTaz="09" departLane="free" departSpeed="max"/>
    <trip id="33" depart="12969.75" from="7617" to="7677" fromTaz="00" toTaz="07" departLane="free" departSpeed="max"/>
    <trip id="345" depart="12982.08" from="8111" to="6515" fromTaz="10" toTaz="11" departLane="free" departSpeed="max"/>
    <trip id="19" depart="13039.54" from="7617" to="10389" fromTaz="00" toTaz="03" departLane="free" departSpeed="max"/>
    <trip id="155" depart="13042.55" from="12527" to="6515" fromTaz="07" toTaz="11" departLane="free" departSpeed="max"/>
    <trip id="118" depart="13044.56" from="12004" to="-7573" fromTaz="05" toTaz="12" departLane="free" departSpeed="max"/>
    <trip id="244" depart="13052.74" from="8111" to="10389" fromTaz="10" toTaz="03" departLane="free" departSpeed="max"/>
    <trip id="90" depart="13053.21" from="12405" to="12093" fromTaz="04" toTaz="05" departLane="free" departSpeed="max"/>
    <trip id="278" depart="13053.48" from="8111" to="10389" fromTaz="10" toTaz="03" departLane="free" departSpeed="max"/>
    <trip id="326" depart="13067.71" from="8112" to="10389" fromTaz="10" toTaz="03" departLane="free" departSpeed="max"/>
    <trip id="187" depart="13076.28" from="6483" to="6515" fromTaz="09" toTaz="11" departLane="free" departSpeed="max"/>
    <trip id="36" depart="13076.89" from="7617" to="7677" fromTaz="00" toTaz="07" departLane="free" departSpeed="max"/>
    <trip id="223" depart="13077.14" from="8111" to="10394" fromTaz="10" toTaz="02" departLane="free" departSpeed="max"/>
    <trip id="35" depart="13079.74" from="7618" to="7677" fromTaz="00" toTaz="07" departLane="free" departSpeed="max"/>
    <trip id="335" depart="13085.33" from="8111" to="10389" fromTaz="10" toTaz="03" departLane="free" departSpeed="max"/>
    <trip id="340" depart="13098.14" from="8111" to="6515" fromTaz="10" toTaz="11" departLane="free" departSpeed="max"/>
    <trip id="9" depart="13100.46" from="7617" to="10389" fromTaz="00" toTaz="03" departLane="free" departSpeed="max"/>
    <trip id="134" depart="13102.63" from="11597" to="-7573" fromTaz="06" toTaz="12" departLane="free" departSpeed="max"/>
    <trip id="142" depart="13111.62" from="12527" to="10410" fromTaz="07" toTaz="01" departLane="free" departSpeed="max"/>
    <trip id="60" depart="13141.13" from="10423" to="6515" fromTaz="01" toTaz="11" departLane="free" departSpeed="max"/>
    <trip id="184" depart="13151.80" from="6483" to="6515" fromTaz="09" toTaz="11" departLane="free" departSpeed="max"/>
    <trip id="299" depart="13154.88" from="8111" to="10389" fromTaz="10" toTaz="03" departLane="free" departSpeed="max"/>
    <trip id="191" depart="13176.72" from="6483" to="6515" fromTaz="09" toTaz="11" departLane="free" departSpeed="max"/>
    <trip id="215" depart="13186.31" from="8111" to="7359" fromTaz="10" toTaz="00" departLane="free" departSpeed="max"/>
    <trip id="333" depart="13186.33" from="8111" to="10389" fromTaz="10" toTaz="03" departLane="free" departSpeed="max"/>
    <trip id="353" depart="13186.99" from="5349" to="7359" fromTaz="11" toTaz="00" departLane="free" departSpeed="max"/>
    <trip id="366" depart="13202.41" from="5349" to="-7573" fromTaz="11" toTaz="12" departLane="free" departSpeed="max"/>
    <trip id="324" depart="13214.93" from="8111" to="10389" fromTaz="10" toTaz="03" departLane="free" departSpeed="max"/>
    <trip id="161" depart="13216.86" from="7760" to="7359" fromTaz="08" toTaz="00" departLane="free" departSpeed="max"/>
    <trip id="250" depart="13218.54" from="8111" to="10389" fromTaz="10" toTaz="03" departLane="free" departSpeed="max"/>
    <trip id="199" depart="13220.13" from="6483" to="1286" fromTaz="09" toTaz="13" departLane="free" departSpeed="max"/>
    <trip id="295" depart="13231.34" from="8111" to="10389" fromTaz="10" toTaz="03" departLane="free" departSpeed="max"/>
    <trip id="242" depart="13233.75" from="8111" to="10389" fromTaz="10" toTaz="03" departLane="free" departSpeed="max"/>
    <trip id="20" depart="13236.32" from="7617" to="10389" fromTaz="00" toTaz="03" departLane="free" departSpeed="max"/>
    <trip id="144" depart="13242.46" from="12527" to="10394" fromTaz="07" toTaz="02" departLane="free" departSpeed="max"/>
    <trip id="359" depart="13267.76" from="5349" to="7359" fromTaz="11" toTaz="00" departLane="free" departSpeed="max"/>
    <trip id="275" depart="13269.99" from="8111" to="10389" fromTaz="10" toTaz="03" departLane="free" departSpeed="max"/>
    <trip id="196" depart="13275.76" from="6483" to="6515" fromTaz="09" toTaz="11" departLane="free" departSpeed="max"/>
    <trip id="111" depart="13285.86" from="12004" to="7765" fromTaz="05" toTaz="08" departLane="free" departSpeed="max"/>
    <trip id="0" depart="13288.08" from="7617" to="10394" fromTaz="00" toTaz="02" departLane="free" departSpeed="max"/>
    <trip id="97" depart="13295.64" from="12405" to="7533" fromTaz="04" toTaz="09" departLane="free" departSpeed="max"/>
    <trip id="173" depart="13305.82" from="6483" to="7359" fromTaz="09" toTaz="00" departLane="free" departSpeed="max"/>
    <trip id="62" depart="13331.01" from="10423" to="1286" fromTaz="01" toTaz="13" departLane="free" departSpeed="max"/>
    <trip id="80" depart="13335.57" from="6522" to="6515" fromTaz="03" toTaz="11" departLane="free" departSpeed="max"/>
    <trip id="66" depart="13337.50" from="6522" to="10389" fromTaz="03" toTaz="03" departLane="free" departSpeed="max"/>
    <trip id="276" depart="13341.66" from="8111" to="10389" fromTaz="10" toTaz="03" departLane="free" departSpeed="max"/>
    <trip id="68" depart="13371.59" from="6522" to="10389" fromTaz="03" toTaz="03" departLane="free" departSpeed="max"/>
    <trip id="136" depart="13373.06" from="11597" to="1286" fromTaz="06" toTaz="13" departLane="free" departSpeed="max"/>
    <trip id="59" depart="13373.19" from="10423" to="6515" fromTaz="01" toTaz="11" departLane="free" departSpeed="max"/>
    <trip id="70" depart="13381.58" from="6522" to="10389" fromTaz="03" toTaz="03" departLane="free" departSpeed="max"/>
    <trip id="315" depart="13383.69" from="8111" to="10389" fromTaz="10" toTaz="03" departLane="free" departSpeed="max"/>
    <trip id="126" depart="13384.32" from="11597" to="8031" fromTaz="06" toTaz="10" departLane="free" departSpeed="max"/>
    <trip id="210" depart="13386.76" from="8111" to="7359" fromTaz="10" toTaz="00" departLane="free" departSpeed="max"/>
    <trip id="288" depart="13392.89" from="8111" to="10389" fromTaz="10" toTaz="03" departLane="free" departSpeed="max"/>
    <trip id="232" depart="13394.13" from="8111" to="10389" fromTaz="10" toTaz="03" departLane="free" departSpeed="max"/>
    <trip id="203" depart="13396.25" from="8111" to="7359" fromTaz="10" toTaz="00" departLane="free" departSpeed="max"/>
    <trip id="179" depart="13423.45" from="6483" to="10410" fromTaz="09" toTaz="01" departLane="free" departSpeed="max"/>
    <trip id="129" depart="13429.70" from="11597" to="6515" fromTaz="06" toTaz="11" departLane="free" departSpeed="max"/>
    <trip id="226" depart="13434.26" from="8111" to="10389" fromTaz="10" toTaz="03" departLane="free" departSpeed="max"/>
    <trip id="296" depart="13437.52" from="8112" to="10389" fromTaz="10" toTaz="03" departLane="free" departSpeed="max"/>
    <trip id="360" depart="13452.04" from="5349" to="7359" fromTaz="11" toTaz="00" departLane="free" departSpeed="max"/>
    <trip id="297" depart="13490.21" from="8111" to="10389" fromTaz="10" toTaz="03" departLane="free" departSpeed="max"/>
    <trip id="263" depart="13491.76" from="8111" to="10389" fromTaz="10" toTaz="03" departLane="free" departSpeed="max"/>
    <trip id="205" depart="13492.95" from="8111" to="7359" fromTaz="10" toTaz="00" departLane="free" departSpeed="max"/>
    <trip id="286" depart="13493.17" from="8112" to="10389" fromTaz="10" toTaz="03" departLane="free" departSpeed="max"/>
    <trip id="61" depart="13498.26" from="10342.0" to="-7573" fromTaz="01" toTaz="12" departLane="free" departSpeed="max"/>
    <trip id="224" depart="13520.57" from="8111" to="10394" fromTaz="10" toTaz="02" departLane="free" departSpeed="max"/>
    <trip id="148" depart="13555.44" from="12527" to="10389" fromTaz="07" toTaz="03" departLane="free" departSpeed="max"/>
    <trip id="105" depart="13555.62" from="12004" to="7359" fromTaz="05" toTaz="00" departLane="free" departSpeed="max"/>
    <trip id="202" depart="13569.21" from="8111" to="7359" fromTaz="10" toTaz="00" departLane="free" departSpeed="max"/>
    <trip id="212" depart="13590.73" from="8111" to="7359" fromTaz="10" toTaz="00" departLane="free" departSpeed="max"/>
    <trip id="355" depart="13596.63" from="5349" to="7359" fromTaz="11" toTaz="00" departLane="free" departSpeed="max"/>
    <trip id="220" depart="13603.80" from="8111" to="10394" fromTaz="10" toTaz="02" departLane="free" departSpeed="max"/>
    <trip id="49" depart="13607.46" from="10342.0" to="12093" fromTaz="01" toTaz="05" departLane="free" departSpeed="max"/>
    <trip id="228" depart="13621.36" from="8111" to="10389" fromTaz="10" toTaz="03" departLane="free" departSpeed="max"/>
    <trip id="291" depart="13628.21" from="8111" to="10389" fromTaz="10" toTaz="03" departLane="free" departSpeed="max"/>
    <trip id="186" depart="13634.87" from="6483" to="6515" fromTaz="09" toTaz="11" departLane="free" departSpeed="max"/>
    <trip id="139" depart="13646.98" from="12527" to="7359" fromTaz="07" toTaz="00" departLane="free" departSpeed="max"/>
    <trip id="285" depart="13650.68" from="8111" to="10389" fromTaz="10" toTaz="03" departLane="free" departSpeed="max"/>
    <trip id="6" depart="13652.53" from="7618" to="10389" fromTaz="00" toTaz="03" departLane="free" departSpeed="max"/>
    <trip id="363" depart="13654.70" from="5349" to="10389" fromTaz="11" toTaz="03" departLane="free" departSpeed="max"/>
    <trip id="248" depart="13659.12" from="8111" to="10389" fromTaz="10" toTaz="03" departLane="free" departSpeed="max"/>
    <trip id="74" depart="13663.82" from="6522" to="7803" fromTaz="03" toTaz="09" departLane="free" departSpeed="max"/>
    <trip id="158" depart="13677.51" from="12527" to="-7573" fromTaz="07" toTaz="12" departLane="free" departSpeed="max"/>
    <trip id="37" depart="13696.69" from="10423" to="7359" fromTaz="01" toTaz="00" departLane="free" departSpeed="max"/>
    <trip id="189" depart="13704.07" from="6483" to="6515" fromTaz="09" toTaz="11" departLane="free" departSpeed="max"/>
    <trip id="85" depart="13713.56" from="12405" to="10410" fromTaz="04" toTaz="01" departLane="free" departSpeed="max"/>
    <trip id="282" depart="13732.15" from="8111" to="10389" fromTaz="10" toTaz="03" departLane="free" departSpeed="max"/>
    <trip id="229" depart="13736.74" from="8111" to="10389" fromTaz="10" toTaz="03" departLane="free" departSpeed="max"/>
    <trip id="178" depart="13742.84" from="6483" to="7359" fromTaz="09" toTaz="00" departLane="free" departSpeed="max"/>
    <trip id="208" depart="13745.58" from="8112" to="7359" fromTaz="10" toTaz="00" departLane="free" departSpeed="max"/>
    <trip id="4" depart="13750.16" from="7618" to="10394" fromTaz="00" toTaz="02" departLane="free" departSpeed="max"/>
    <trip id="167" depart="13750.92" from="7760" to="-7573" fromTaz="08" toTaz="12" departLane="free" departSpeed="max"/>
    <trip id="342" depart="13751.65" from="8111" to="6515" fromTaz="10" toTaz="11" departLane="free" departSpeed="max"/>
    <trip id="98" depart="13780.82" from="12405" to="8031" fromTaz="04" toTaz="10" departLane="free" departSpeed="max"/>
    <trip id="361" depart="13780.85" from="5349" to="10410" fromTaz="11" toTaz="01" departLane="free" departSpeed="max"/>
    <trip id="240" depart="13792.52" from="8111" to="10389" fromTaz="10" toTaz="03" departLane="free" departSpeed="max"/>
    <trip id="265" depart="13804.63" from="8111" to="10389" fromTaz="10" toTaz="03" departLane="free" departSpeed="max"/>
    <trip id="245" depart="13812.32" from="8111" to="10389" fromTaz="10" toTaz="03" departLane="free" departSpeed="max"/>
    <trip id="82" depart="13829.70" from="6522" to="6515" fromTaz="03" toTaz="11" departLane="free" departSpeed="max"/>
    <trip id="190" depart="13837.56" from="6483" to="6515" fromTaz="09" toTaz="11" departLane="free" departSpeed="max"/>
    <trip id="314" depart="13838.75" from="8111" to="10389" fromTaz="10" toTaz="03" departLane="free" departSpeed="max"/>
    <trip id="227" depart="13843.22" from="8111" to="10389" fromTaz="10" toTaz="03" departLane="free" departSpeed="max"/>
    <trip id="115" depart="13843.58" from="12004" to="6659" fromTaz="05" toTaz="10" departLane="free" departSpeed="max"/>
    <trip id="257" depart="13860.08" from="8111" to="10389" fromTaz="10" toTaz="03" departLane="free" departSpeed="max"/>
    <trip id="320" depart="13865.26" from="8111" to="10389" fromTaz="10" toTaz="03" departLane="free" departSpeed="max"/>
    <trip id="289" depart="13869.26" from="8111" to="10389" fromTaz="10" toTaz="03" departLane="free" departSpeed="max"/>
    <trip id="108" depart="13876.66" from="12004" to="10394" fromTaz="05" toTaz="02" departLane="free" departSpeed="max"/>
    <trip id="266" depart="13890.36" from="8111" to="10389" fromTaz="10" toTaz="03" departLane="free" departSpeed="max"/>
    <trip id="166" depart="13908.96" from="7760" to="10389" fromTaz="08" toTaz="03" departLane="free" departSpeed="max"/>
    <trip id="259" depart="13941.88" from="8111" to="10389" fromTaz="10" toTaz="03" departLane="free" departSpeed="max"/>
    <trip id="110" depart="13953.62" from="12004" to="7765" fromTaz="05" toTaz="08" departLane="free" departSpeed="max"/>
    <trip id="100" depart="13963.23" from="12405" to="6515" fromTaz="04" toTaz="11" departLane="free" departSpeed="max"/>
    <trip id="352" depart="13963.48" from="5349" to="7359" fromTaz="11" toTaz="00" departLane="free" departSpeed="max"/>
    <trip id="77" depart="13976.59" from="6522" to="6515" fromTaz="03" toTaz="11" departLane="free" departSpeed="max"/>
    <trip id="22" depart="13981.59" from="7617" to="10389" fromTaz="00" toTaz="03" departLane="free" departSpeed="max"/>
    <trip id="316" depart="13981.81" from="8111" to="10389" fromTaz="10" toTaz="03" departLane="free" departSpeed="max"/>
    <trip id="236" depart="13982.42" from="8111" to="10389" fromTaz="10" toTaz="03" departLane="free" departSpeed="max"/>
    <trip id="197" depart="14019.03" from="6483" to="6515" fromTaz="09" toTaz="11" departLane="free" departSpeed="max"/>
    <trip id="254" depart="14035.57" from="8111" to="10389" fromTaz="10" toTaz="03" departLane="free" departSpeed="max"/>
    <trip id="84" depart="14046.45" from="12405" to="7359" fromTaz="04" toTaz="00" departLane="free" departSpeed="max"/>
    <trip id="374" depart="14050.74" from="1153" to="1286" fromTaz="12" toTaz="13" departLane="free" departSpeed="max"/>
    <trip id="281" depart="14053.84" from="8111" to="10389" fromTaz="10" toTaz="03" departLane="free" departSpeed="max"/>
    <trip id="358" depart="14059.43" from="5349" to="7359" fromTaz="11" toTaz="00" departLane="free" departSpeed="max"/>
    <trip id="339" depart="14061.34" from="8111" to="6515" fromTaz="10" toTaz="11" departLane="free" departSpeed="max"/>
    <trip id="225" depart="14062.76" from="8111" to="10389" fromTaz="10" toTaz="03" departLane="free" departSpeed="max"/>
    <trip id="93" depart="14063.00" from="12405" to="7677" fromTaz="04" toTaz="07" departLane="free" departSpeed="max"/>
    <trip id="329" depart="14066.24" from="8111" to="10389" fromTaz="10" toTaz="03" departLane="free" departSpeed="max"/>
    <trip id="321" depart="14074.93" from="8112" to="10389" fromTaz="10" toTaz="03" departLane="free" departSpeed="max"/>
    <trip id="122" depart="14082.68" from="11597" to="10394" fromTaz="06" toTaz="02" departLane="free" departSpeed="max"/>
    <trip id="188" depart="14091.62" from="6483" to="6515" fromTaz="09" toTaz="11" departLane="free" departSpeed="max"/>
    <trip id="175" depart="14094.66" from="6483" to="7359" fromTaz="09" toTaz="00" departLane="free" departSpeed="max"/>
    <trip id="117" depart="14097.18" from="12004" to="6515" fromTaz="05" toTaz="11" departLane="free" departSpeed="max"/>
    <trip id="101" depart="14112.75" from="12405" to="-7573" fromTaz="04" toTaz="12" departLane="free" departSpeed="max"/>
    <trip id="65" depart="14127.45" from="6522" to="10394" fromTaz="03" toTaz="02" departLane="free" departSpeed="max"/>
    <trip id="306" depart="14151.02" from="8111" to="10389" fromTaz="10" toTaz="03" departLane="free" departSpeed="max"/>
    <trip id="133" depart="14151.22" from="11597" to="-7573" fromTaz="06" toTaz="12" departLane="free" departSpeed="max"/>
    <trip id="31" depart="14163.45" from="7617" to="7677" fromTaz="00" toTaz="07" departLane="free" departSpeed="max"/>
    <trip id="42" depart="14180.65" from="10423" to="10394" fromTaz="01" toTaz="02" departLane="free" departSpeed="max"/>
    <trip id="30" depart="14181.69" from="7617" to="11548" fromTaz="00" toTaz="06" departLane="free" departSpeed="max"/>
    <trip id="198" depart="14185.87" from="6483" to="-7573" fromTaz="09" toTaz="12" departLane="free" departSpeed="max"/>
    <trip id="328" depart="14189.24" from="8111" to="10389" fromTaz="10" toTaz="03" departLane="free" departSpeed="max"/>
    <trip id="337" depart="14232.28" from="8111" to="12396" fromTaz="10" toTaz="04" departLane="free" departSpeed="max"/>
    <trip id="338" depart="14252.46" from="8111" to="6515" fromTaz="10" toTaz="11" departLane="free" departSpeed="max"/>
    <trip id="170" depart="14253.47" from="7760" to="1286" fromTaz="08" toTaz="13" departLane="free" departSpeed="max"/>
    <trip id="79" depart="14255.98" from="6522" to="6515" fromTaz="03" toTaz="11" departLane="free" departSpeed="max"/>
    <trip id="38" depart="14263.84" from="10423" to="10394" fromTaz="01" toTaz="02" departLane="free" departSpeed="max"/>
    <trip id="317" depart="14268.15" from="8111" to="10389" fromTaz="10" toTaz="03" departLane="free" departSpeed="max"/>
    <trip id="171" depart="14268.26" from="6483" to="7359" fromTaz="09" toTaz="00" departLane="free" departSpeed="max"/>
    <trip id="327" depart="14290.81" from="8111" to="10389" fromTaz="10" toTaz="03" departLane="free" departSpeed="max"/>
    <trip id="209" depart="14298.49" from="8111" to="7359" fromTaz="10" toTaz="00" departLane="free" departSpeed="max"/>
    <trip id="192" depart="14305.64" from="6483" to="6515" fromTaz="09" toTaz="11" departLane="free" departSpeed="max"/>
    <trip id="127" depart="14308.99" from="11597" to="6659" fromTaz="06" toTaz="10" departLane="free" departSpeed="max"/>
    <trip id="270" depart="14354.81" from="8111" to="10389" fromTaz="10" toTaz="03" departLane="free" departSpeed="max"/>
    <trip id="193" depart="14363.04" from="6483" to="6515" fromTaz="09" toTaz="11" departLane="free" departSpeed="max"/>
    <trip id="50" depart="14373.33" from="10342.0" to="12093" fromTaz="01" toTaz="05" departLane="free" departSpeed="max"/>
    <trip id="348" depart="14378.27" from="8111" to="-7573" fromTaz="10" toTaz="12" departLane="free" departSpeed="max"/>
    <trip id="194" depart="14384.21" from="6483" to="6515" fromTaz="09" toTaz="11" departLane="free" departSpeed="max"/>
    <trip id="106" depart="14394.65" from="12004" to="10410" fromTaz="05" toTaz="01" departLane="free" departSpeed="max"/>
    <trip id="238" depart="14396.80" from="8111" to="10389" fromTaz="10" toTaz="03" departLane="free" departSpeed="max"/>
</routes>
